Original_Gangsters	Sun Dec 18 23:40:55 CET 2005	Sun Mar 08 13:17:54 CET 2009
Män_som_hatar_kvinnor_(film)	Thu Feb 28 14:21:33 CET 2008	Sun Jun 07 23:34:11 CEST 2009
Noomi_Rapace	Thu Apr 07 20:37:46 CEST 2005	Sun May 17 19:19:25 CEST 2009
Millennium-serien	Mon Nov 21 23:34:50 CET 2005	Sun Jul 26 16:55:11 CEST 2009
Rödeby	Wed Nov 10 13:44:32 CET 2004	Tue Apr 21 22:17:02 CEST 2009
Per_Myrberg	Fri Feb 04 15:07:01 CET 2005	Sun Mar 08 11:24:38 CET 2009
Wallander	Mon Jan 30 21:57:36 CET 2006	Mon May 25 03:02:47 CEST 2009
Brolle	Mon Aug 02 00:52:49 CEST 2004	Wed Jul 22 23:33:50 CEST 2009
Beck_(film)	Wed Jun 22 21:05:31 CEST 2005	Tue Jul 14 19:59:39 CEST 2009
Larz-Kristerz	Thu Oct 02 23:08:45 CEST 2008	Mon May 04 21:19:09 CEST 2009
Bergvärme	Thu Aug 11 21:10:00 CEST 2005	Sat Apr 25 16:38:26 CEST 2009
Svensk_uppslagsbok	Fri May 21 12:46:08 CEST 2004	Tue Jul 21 18:01:05 CEST 2009
Stockholmsnatt_(film)	Thu Oct 07 23:37:20 CEST 2004	Fri May 22 12:45:24 CEST 2009
Naserligan	Thu Jul 12 19:22:16 CEST 2007	Sat Mar 07 21:30:40 CET 2009
Dybäcks_slott	Tue May 31 21:19:12 CEST 2005	Tue Jul 07 15:05:58 CEST 2009
30:e_november	Sun Nov 20 21:25:46 CET 2005	Wed May 27 12:42:01 CEST 2009
Pippi_Långstrump_på_de_sju_haven	Sat Apr 09 23:22:40 CEST 2005	Fri May 01 07:03:31 CEST 2009
Vikingarna	Sat Apr 22 15:25:06 CEST 2006	Sat Apr 11 17:28:11 CEST 2009
Civilrätt	Mon Mar 08 22:56:21 CET 2004	Fri Apr 03 19:28:12 CEST 2009
Johan_Palm	Mon Nov 03 10:10:57 CET 2008	Fri Mar 20 23:09:48 CET 2009
Krister_Henriksson	Mon Feb 09 21:20:11 CET 2004	Mon Mar 23 03:15:15 CET 2009
Fritiof_Nilsson_Piraten	Fri Dec 20 09:33:29 CET 2002	Fri Mar 27 20:40:11 CET 2009
Bandit_Rock	Tue Nov 09 21:50:26 CET 2004	Mon Jul 20 21:28:47 CEST 2009
Erstavik	Thu Jul 28 17:56:28 CEST 2005	Tue Jul 07 15:09:52 CEST 2009
Ingvar_Hirdwall	Wed Apr 28 16:06:11 CEST 2004	Wed Jun 10 14:26:13 CEST 2009
Vincent_Pontare	Fri Oct 19 21:20:43 CEST 2007	Sat Jun 13 21:04:53 CEST 2009
Pettson_och_Findus	Thu Feb 10 14:53:27 CET 2005	Wed Mar 25 13:29:15 CET 2009
Movits!	Fri Dec 05 19:14:51 CET 2008	Tue Jul 28 14:44:31 CEST 2009
Thomas_Möller	Sun Mar 12 17:17:35 CET 2006	Sun Mar 22 13:26:30 CET 2009
Svenska_Spel	Wed Apr 02 09:56:43 CEST 2003	Wed May 20 13:09:55 CEST 2009
Förordning	Thu Jul 22 23:14:54 CEST 2004	Fri Mar 20 15:34:32 CET 2009
Van_Veeteren	Sun Apr 23 17:29:26 CEST 2006	Tue Jul 28 11:50:34 CEST 2009
Johan_Widerberg	Fri Nov 12 17:27:34 CET 2004	Sun Jun 21 18:18:31 CEST 2009
Tingsrätt	Tue May 25 06:26:43 CEST 2004	Fri Apr 17 11:55:55 CEST 2009
Ättika	Fri Aug 26 17:22:06 CEST 2005	Thu Apr 23 10:47:31 CEST 2009
Muskö	Tue Oct 26 00:07:12 CEST 2004	Thu Apr 16 20:36:06 CEST 2009
Yngsjömordet	Tue Jul 08 12:13:04 CEST 2003	Wed May 06 22:30:57 CEST 2009
Hemokromatos	Sun Apr 04 15:30:33 CEST 2004	Fri May 15 04:54:23 CEST 2009
Peter_Andersson	Fri Feb 27 16:26:57 CET 2004	Wed Mar 11 07:58:29 CET 2009
Gustaf_Hammarsten	Tue Feb 01 21:27:16 CET 2005	Fri Jun 12 16:19:44 CEST 2009
Arkitektur_i_Stockholm	Fri Nov 14 10:58:19 CET 2008	Thu Mar 12 11:01:23 CET 2009
Pippi_Långstrump_(bok)	Fri May 26 19:15:10 CEST 2006	Sun May 31 10:26:55 CEST 2009
Allt_flyter	Sun Dec 28 22:00:03 CET 2008	Sat Jun 20 22:48:18 CEST 2009
Doktor_Mugg	Thu Apr 28 18:25:20 CEST 2005	Thu Mar 26 13:38:51 CET 2009
Plommon	Sat Dec 21 14:56:20 CET 2002	Sat Mar 14 20:56:02 CET 2009
Lista_över_städer_i_Danmark_efter_storlek	Mon Mar 20 13:57:49 CET 2006	Wed Apr 08 08:27:53 CEST 2009
Svampinfektion_i_underlivet	Sun Dec 12 17:12:15 CET 2004	Tue Apr 07 21:13:44 CEST 2009
Trolleholms_slott	Sun Aug 14 20:12:47 CEST 2005	Tue Jul 07 15:59:39 CEST 2009
Svart_Lucia	Sat Feb 11 14:27:57 CET 2006	Tue Jun 23 01:46:32 CEST 2009
Nalle_Puh_(Disney)	Sat Apr 01 15:08:21 CEST 2006	Fri Jul 24 15:51:45 CEST 2009
Transportstyrelsen	Wed Aug 08 13:59:36 CEST 2007	Wed Mar 04 04:42:37 CET 2009
På_rymmen_med_Pippi_Långstrump	Tue Oct 10 11:31:05 CEST 2006	Fri May 01 07:39:34 CEST 2009
Metropia	Sun Jan 20 12:49:52 CET 2008	Sat May 30 18:50:55 CEST 2009
Tor_Isedal	Wed Oct 27 12:27:07 CEST 2004	Wed Apr 22 10:44:38 CEST 2009
Flamingokvintetten	Mon May 30 22:07:46 CEST 2005	Fri May 22 17:47:53 CEST 2009
Elin_Sigvardsson	Sun Apr 03 11:38:44 CEST 2005	Sat Mar 07 12:07:21 CET 2009
Maud_Hansson	Tue Mar 22 15:43:42 CET 2005	Tue Apr 21 20:35:14 CEST 2009
The_Plan	Wed Sep 08 14:34:02 CEST 2004	Tue Mar 31 00:22:39 CEST 2009
Hjularöds_slott	Sun Aug 14 17:05:47 CEST 2005	Tue Jul 07 15:16:38 CEST 2009
Sprängaren	Wed Mar 30 13:05:05 CEST 2005	Wed Jun 24 20:19:18 CEST 2009
Lasse_Strömstedt	Sun Jul 13 23:12:45 CEST 2003	Mon Jul 06 14:05:54 CEST 2009
Lotta_Lotass	Thu Jan 05 13:03:13 CET 2006	Fri Mar 06 16:35:01 CET 2009
Jan_Lindblad	Mon Jan 05 16:00:38 CET 2004	Tue Mar 10 02:37:47 CET 2009
Löntagarfonder	Wed Feb 16 22:02:14 CET 2005	Wed Jun 03 21:28:36 CEST 2009
Tracks	Fri Jun 25 21:07:59 CEST 2004	Thu Jul 23 21:39:14 CEST 2009
Sandor_slash_Ida	Fri Feb 04 22:54:05 CET 2005	Tue Apr 07 19:13:34 CEST 2009
Erton_Fejzullahu	Sat Dec 16 20:12:13 CET 2006	Sat Jul 18 10:47:29 CEST 2009
Rapport_till_himlen	Sun Apr 09 07:12:58 CEST 2006	Sun Jun 21 19:02:10 CEST 2009
Håkan_Bråkan	Thu May 12 19:05:58 CEST 2005	Thu Mar 26 13:41:24 CET 2009
Ebbe_Carlsson	Wed Sep 17 03:30:50 CEST 2003	Mon May 04 05:56:03 CEST 2009
Full_Frys	Sun Jun 25 20:38:30 CEST 2006	Fri Jul 17 01:26:19 CEST 2009
Rallarsving	Sat Apr 23 12:19:23 CEST 2005	Wed Mar 04 02:18:50 CET 2009
Ericsbergs_slott	Thu Oct 14 18:54:05 CEST 2004	Tue Jul 07 15:09:35 CEST 2009
Niklas_Ekstedt	Thu Apr 26 22:02:10 CEST 2007	Sun Apr 19 15:38:54 CEST 2009
Sandemar	Wed Oct 27 12:46:50 CEST 2004	Tue Jul 07 15:47:51 CEST 2009
Graaf	Fri Nov 19 22:55:12 CET 2004	Wed Mar 18 23:49:23 CET 2009
Vrams_Gunnarstorps_slott	Sun Aug 14 20:28:56 CEST 2005	Tue Jul 07 16:03:39 CEST 2009
Ljungskile	Mon Jul 19 10:22:13 CEST 2004	Sun Apr 19 13:02:20 CEST 2009
Julia_Cæsar	Fri Feb 20 08:13:26 CET 2004	Mon Apr 20 19:08:12 CEST 2009
Bredbandsbolaget	Wed Aug 11 17:34:11 CEST 2004	Thu Mar 05 00:42:20 CET 2009
Tjolöholms_slott	Sat Oct 26 15:02:11 CEST 2002	Tue Jul 07 15:57:19 CEST 2009
Jarl_Alfredius	Mon Oct 11 20:51:35 CEST 2004	Tue Mar 31 13:40:32 CEST 2009
Bred_dina_vida_vingar	Sun Mar 30 22:00:24 CEST 2003	Sat May 30 19:21:17 CEST 2009
Mästerkatten_i_stövlar	Fri Aug 12 10:48:29 CEST 2005	Fri Jun 12 18:57:22 CEST 2009
Ängsö_slott	Sat Sep 02 21:51:26 CEST 2006	Tue Jul 07 15:00:10 CEST 2009
Torpa_stenhus	Sat Jun 07 19:29:26 CEST 2003	Tue Jul 07 15:58:21 CEST 2009
Lista_över_svenska_infanteriregementen	Sun Nov 24 14:02:21 CET 2002	Thu Jul 16 19:20:04 CEST 2009
Ruben_Östlund_(regissör)	Sat Jan 06 16:47:54 CET 2007	Mon Jul 13 18:43:25 CEST 2009
Homogenisering	Sun Aug 29 20:41:27 CEST 2004	Thu Jun 11 20:09:57 CEST 2009
Djursholms_slott	Thu Jul 31 21:31:51 CEST 2003	Tue Jul 07 15:05:23 CEST 2009
Hassela	Sun Feb 27 22:23:58 CET 2005	Sun Apr 19 14:21:25 CEST 2009
Hörningsholms_slott	Sat Jun 11 12:13:56 CEST 2005	Tue Jul 07 15:17:29 CEST 2009
Gus_Dahlström	Wed Feb 09 14:36:49 CET 2005	Mon Apr 20 19:13:59 CEST 2009
Ockupationen_av_Tyskland_efter_andra_världskriget	Sun Jun 26 20:46:01 CEST 2005	Tue May 19 11:33:00 CEST 2009
Södra_skånska_regementet	Mon Aug 01 01:31:56 CEST 2005	Mon Jun 01 00:16:39 CEST 2009
Mietek_Grocher	Tue Mar 11 22:56:21 CET 2008	Sun Mar 08 20:24:22 CET 2009
Michael_Lindgren	Fri Sep 12 15:59:27 CEST 2008	Sun May 31 02:25:53 CEST 2009
Fiddy	Wed Jul 13 22:29:02 CEST 2005	Thu Jun 18 08:47:28 CEST 2009
Superettan_2009	Sun Nov 02 19:26:16 CET 2008	Mon Jun 29 10:46:59 CEST 2009
Mariannelund	Thu Dec 05 09:47:47 CET 2002	Thu Apr 16 17:16:43 CEST 2009
De_drabbade	Wed Dec 14 17:19:21 CET 2005	Mon Jun 22 01:45:53 CEST 2009
Ljungbyhed	Sat Jun 19 19:47:06 CEST 2004	Thu Apr 16 23:22:11 CEST 2009
Fredrik_Belfrage	Sun Nov 07 23:23:44 CET 2004	Mon Mar 23 23:19:26 CET 2009
Forsvik	Mon Aug 09 18:56:57 CEST 2004	Thu Apr 16 23:04:35 CEST 2009
Fimpen	Sun Jun 27 20:11:24 CEST 2004	Sun Jun 21 17:32:26 CEST 2009
Birgitta	Sun Dec 08 21:59:34 CET 2002	Sun May 24 18:46:35 CEST 2009
Österbybruk	Tue Jan 25 22:02:52 CET 2005	Thu May 07 21:37:49 CEST 2009
Johan_Johansson_(musiker)	Thu Sep 30 19:23:09 CEST 2004	Mon May 18 19:55:02 CEST 2009
Björneborgarnas_marsch	Wed May 28 01:28:49 CEST 2003	Sun Mar 22 14:39:17 CET 2009
IIHF:s_världsrankinglista	Thu Jun 02 19:08:16 CEST 2005	Tue May 12 02:29:05 CEST 2009
Edsbergs_slott	Fri Jul 23 01:15:14 CEST 2004	Tue Jul 07 15:06:17 CEST 2009
Luftvärnsregementet	Mon Aug 01 22:00:19 CEST 2005	Mon Jun 01 00:40:30 CEST 2009
Kulla_Gunnarstorps_slott	Fri Nov 04 22:56:50 CET 2005	Tue Jul 07 15:32:52 CEST 2009
Stim	Thu Sep 29 15:05:52 CEST 2005	Wed May 13 02:54:29 CEST 2009
Nina	Sun Jan 28 09:12:36 CET 2007	Wed Jul 22 05:40:59 CEST 2009
Hoting	Thu Nov 11 21:12:33 CET 2004	Sun Apr 19 14:24:40 CEST 2009
Funäsdalen	Mon Oct 04 23:10:12 CEST 2004	Thu Apr 16 20:40:27 CEST 2009
Brunkebergsåsen	Mon Oct 03 19:22:03 CEST 2005	Fri Apr 17 19:17:34 CEST 2009
Stockholm_Marathon_(film)	Fri Oct 01 14:47:20 CEST 2004	Tue Jul 14 20:44:21 CEST 2009
Morgongåva,_Heby_kommun	Thu Oct 28 00:38:00 CEST 2004	Thu Apr 16 21:57:43 CEST 2009
Klågerup	Tue Sep 28 19:37:28 CEST 2004	Sun Apr 19 11:53:33 CEST 2009
Bara	Sat Sep 25 09:46:58 CEST 2004	Fri May 08 14:21:22 CEST 2009
Norges_kommuner	Sun Aug 22 01:59:32 CEST 2004	Sun May 31 21:17:47 CEST 2009
Tureholms_slott	Thu Jun 15 15:21:36 CEST 2006	Tue Jul 07 16:00:19 CEST 2009
Kobergs_slott	Sat Aug 12 13:10:05 CEST 2006	Tue Jul 07 15:31:19 CEST 2009
Brandbergen	Tue Oct 26 00:16:28 CEST 2004	Tue May 12 15:51:19 CEST 2009
F_21_Luleå	Mon Jul 18 11:05:44 CEST 2005	Fri Jun 19 11:13:34 CEST 2009
Kosta	Mon Feb 28 19:36:38 CET 2005	Fri Apr 17 11:48:37 CEST 2009
Stenhamra	Sat Dec 07 18:35:29 CET 2002	Wed Apr 22 20:42:26 CEST 2009
Södermanlands_regemente_(pansar)	Thu Apr 21 17:25:53 CEST 2005	Mon Jul 13 07:26:05 CEST 2009
Junibacken	Sun Dec 15 21:14:16 CET 2002	Mon Mar 30 00:38:58 CEST 2009
Vittsjö	Wed Nov 03 12:27:19 CET 2004	Wed Mar 25 06:13:57 CET 2009
Moore_Magazine	Sat Oct 16 11:52:40 CEST 2004	Sat Mar 21 05:10:08 CET 2009
Skelleftehamn	Fri Mar 04 16:42:46 CET 2005	Thu May 07 21:31:17 CEST 2009
Jan-Olof_Strandberg	Mon Jan 31 13:08:25 CET 2005	Sun Mar 08 11:41:53 CET 2009
Hurva	Sat Oct 16 00:19:30 CEST 2004	Fri May 08 20:32:47 CEST 2009
Volvo_PV60	Sat Sep 30 14:52:06 CEST 2006	Fri May 08 20:54:26 CEST 2009
Skabersjö_slott	Sun Dec 18 21:49:13 CET 2005	Tue Jul 07 15:49:16 CEST 2009
Kåge	Sat Oct 16 02:58:00 CEST 2004	Thu May 07 21:27:19 CEST 2009
Gutefår	Fri Sep 30 16:34:30 CEST 2005	Mon May 25 07:52:56 CEST 2009
Jonsered	Sun Apr 11 01:32:55 CEST 2004	Sat Apr 18 13:56:22 CEST 2009
Lit_(tätort)	Thu Aug 03 18:58:34 CEST 2006	Fri May 08 20:58:50 CEST 2009
Gusum	Sun Feb 27 18:47:25 CET 2005	Fri May 08 21:28:22 CEST 2009
Brösarp	Sat Feb 05 18:28:18 CET 2005	Sun Apr 19 12:50:56 CEST 2009
Uriah_Heep	Tue Apr 13 18:28:29 CEST 2004	Sun Jul 12 22:37:42 CEST 2009
Jörn	Sat Oct 16 02:46:29 CEST 2004	Sun Apr 19 11:10:51 CEST 2009
Häckeberga_slott	Sun Aug 14 17:08:53 CEST 2005	Tue Jul 07 15:13:30 CEST 2009
Örsundsbro	Fri Oct 15 13:20:12 CEST 2004	Wed Apr 22 20:55:13 CEST 2009
Vaden	Thu Jan 05 02:36:21 CET 2006	Thu Jun 11 00:01:03 CEST 2009
Spjutrockor	Mon Sep 04 11:35:39 CEST 2006	Mon Mar 02 02:45:19 CET 2009
Rasmus_Bengtsson	Fri Jul 07 14:16:15 CEST 2006	Fri Jun 26 23:17:04 CEST 2009
Malexander	Mon Mar 24 18:29:19 CET 2003	Wed Apr 08 10:15:12 CEST 2009
Kristoffer	Sat Mar 13 02:00:53 CET 2004	Thu Jun 04 05:35:31 CEST 2009
Caroline_Krook	Tue Feb 03 16:10:12 CET 2004	Tue Jul 14 17:28:33 CEST 2009
Gyllebo_slott	Sun Aug 14 16:58:20 CEST 2005	Tue Jul 07 15:13:11 CEST 2009
Alster	Mon Nov 15 23:23:09 CET 2004	Thu May 07 17:39:16 CEST 2009
Dagmar_Hagelin	Tue Nov 15 17:14:48 CET 2005	Tue Apr 21 19:10:03 CEST 2009
Nordkalotten	Mon Sep 29 00:49:55 CEST 2003	Sun Mar 29 00:28:04 CET 2009
Kronovalls_slott	Sun Aug 14 17:23:04 CEST 2005	Tue Jul 07 15:32:33 CEST 2009
Välkommen_till_förorten	Sat Sep 22 20:48:46 CEST 2007	Thu Mar 12 13:39:57 CET 2009
Söderfors	Sat Nov 23 16:19:27 CET 2002	Sun Apr 19 12:47:20 CEST 2009
Torups_slott	Sun Aug 14 19:50:49 CEST 2005	Tue Jul 07 15:58:43 CEST 2009
Calle_Jonsson	Tue Apr 05 21:14:35 CEST 2005	Fri Apr 03 11:30:16 CEST 2009
Örenäs_slott	Fri Feb 24 22:03:12 CET 2006	Tue Jul 07 15:39:49 CEST 2009
Minigris	Tue Dec 20 16:22:38 CET 2005	Sun May 24 04:54:19 CEST 2009
Linghem	Fri Nov 12 14:13:33 CET 2004	Thu May 07 20:49:17 CEST 2009
Takstol	Sun Nov 28 23:29:20 CET 2004	Thu Jul 09 09:44:08 CEST 2009
Relining	Wed May 16 12:04:51 CEST 2007	Mon May 04 05:52:21 CEST 2009
Hälleforsnäs	Mon Oct 18 14:59:23 CEST 2004	Thu Apr 16 19:38:56 CEST 2009
Billesholm	Sat Oct 09 14:43:18 CEST 2004	Fri May 08 15:10:58 CEST 2009
Kjell_Lönnå	Sun Nov 07 18:18:45 CET 2004	Sun Mar 08 13:03:44 CET 2009
Råcksta	Tue May 17 14:37:07 CEST 2005	Tue Jun 23 21:25:33 CEST 2009
Sollebrunn	Fri Oct 08 00:15:36 CEST 2004	Mon Apr 20 12:09:29 CEST 2009
Hindås	Tue Nov 02 18:27:45 CET 2004	Fri May 08 14:27:50 CEST 2009
Brastad	Wed Mar 31 23:15:34 CEST 2004	Fri Apr 17 12:20:53 CEST 2009
Åkers_styckebruk	Thu Mar 03 00:59:40 CET 2005	Fri May 08 13:37:37 CEST 2009
Stöde	Fri Mar 04 17:10:24 CET 2005	Thu May 07 20:34:20 CEST 2009
Hässelby_slott	Wed Dec 18 22:41:21 CET 2002	Tue Jul 07 15:15:15 CEST 2009
Glocalnet	Mon Aug 15 13:44:38 CEST 2005	Thu Mar 05 01:00:43 CET 2009
Fjärdhundra	Tue Oct 05 11:12:32 CEST 2004	Wed Apr 22 20:53:44 CEST 2009
Bury_the_Lies	Fri Oct 19 08:55:53 CEST 2007	Mon Mar 23 17:58:28 CET 2009
Åkeshovs_slott	Sat Dec 07 19:51:25 CET 2002	Tue Jul 07 14:59:47 CEST 2009
Ytterhogdal	Mon Nov 01 21:17:25 CET 2004	Sun Apr 19 12:21:30 CEST 2009
Rydebäck	Thu Oct 28 16:28:33 CEST 2004	Sat May 09 14:18:48 CEST 2009
Minoo_Akhtarzand	Tue Feb 05 12:09:20 CET 2008	Fri Jul 10 14:50:20 CEST 2009
Kvänum	Sat Dec 18 22:25:03 CET 2004	Thu May 07 21:01:14 CEST 2009
Gnarp	Sat Sep 11 22:26:17 CEST 2004	Sat Apr 18 11:34:11 CEST 2009
Bellinga_slott	Fri Nov 04 18:41:07 CET 2005	Tue Jul 07 15:00:38 CEST 2009
Marsch	Mon Aug 16 15:32:41 CEST 2004	Fri Apr 10 09:39:48 CEST 2009
Kreuger	Wed Apr 20 14:59:25 CEST 2005	Wed Jun 10 17:25:33 CEST 2009
Frillesås	Thu Dec 16 14:28:18 CET 2004	Sun Apr 19 21:29:58 CEST 2009
Trängregementet	Sat Aug 06 00:40:08 CEST 2005	Wed Jun 03 14:37:40 CEST 2009
Fortifikationsverket	Tue Jun 20 22:02:17 CEST 2006	Mon Jul 06 14:43:37 CEST 2009
Stora_Vika	Mon Sep 13 03:04:15 CEST 2004	Sat May 09 15:03:06 CEST 2009
Östervåla	Thu Oct 28 00:34:21 CEST 2004	Fri Apr 17 10:52:10 CEST 2009
Stjärnhov	Tue Oct 19 15:30:50 CEST 2004	Thu Apr 16 20:01:28 CEST 2009
Jordberga_slott	Sun Aug 14 17:10:59 CEST 2005	Tue Jul 07 15:19:45 CEST 2009
Horndal	Sat Oct 09 09:23:14 CEST 2004	Thu Apr 16 16:04:37 CEST 2009
Klövsjö	Sat Oct 09 11:57:11 CEST 2004	Fri May 08 13:20:39 CEST 2009
Förslöv	Tue Oct 12 23:52:24 CEST 2004	Fri May 08 21:02:23 CEST 2009
Peter_Dahl	Tue Jan 20 09:18:23 CET 2004	Tue Jul 21 16:53:04 CEST 2009
Bredaryd	Tue Sep 28 23:08:42 CEST 2004	Fri May 08 19:40:03 CEST 2009
Rottne	Thu Dec 09 20:37:06 CET 2004	Sun Apr 19 13:41:23 CEST 2009
Vålberg	Mon Nov 15 23:05:11 CET 2004	Thu May 07 17:42:24 CEST 2009
Ekeby,_Bjuvs_kommun	Mon Oct 04 22:40:55 CEST 2004	Sat Apr 18 14:23:39 CEST 2009
Örbyhus_slott	Sat Dec 04 01:06:37 CET 2004	Tue Jul 07 15:39:20 CEST 2009
Venngarns_slott	Sat Nov 27 22:13:12 CET 2004	Tue Jul 07 16:02:29 CEST 2009
Forsbacka	Tue Oct 05 14:03:27 CEST 2004	Thu May 07 19:07:04 CEST 2009
Vä	Wed Jul 21 00:01:20 CEST 2004	Wed Jul 01 12:30:03 CEST 2009
Sincerely_Yours	Thu Aug 17 22:49:29 CEST 2006	Fri Jul 24 01:25:12 CEST 2009
Häringe_slott	Wed Feb 01 07:39:11 CET 2006	Tue Jul 07 15:14:55 CEST 2009
Erot	Wed Apr 27 09:07:34 CEST 2005	Mon Jul 06 09:58:05 CEST 2009
Stenstorp	Sat Oct 16 17:38:15 CEST 2004	Wed May 06 15:10:28 CEST 2009
Vikingstad	Tue Nov 09 14:32:27 CET 2004	Thu May 07 20:54:42 CEST 2009
Beef	Mon Apr 17 04:29:43 CEST 2006	Wed May 13 14:49:18 CEST 2009
Dingle	Sat Oct 02 20:27:19 CEST 2004	Sat Apr 18 10:09:13 CEST 2009
Hanaskogs_slott	Wed Nov 02 21:43:53 CET 2005	Tue Jul 07 15:14:01 CEST 2009
Grycksbo	Sat Nov 23 10:02:48 CET 2002	Fri May 08 21:17:48 CEST 2009
Gärsnäs_slott	Sun Apr 03 02:42:39 CEST 2005	Tue Jul 07 15:11:09 CEST 2009
Furulund	Wed Oct 06 12:54:23 CEST 2004	Tue Apr 21 18:22:14 CEST 2009
Curly_Sue	Mon May 26 16:29:07 CEST 2008	Sun Jun 21 00:39:37 CEST 2009
Beck_–_Kartellen	Mon Apr 11 01:31:58 CEST 2005	Tue Jul 21 12:38:13 CEST 2009
Flextid	Wed Apr 05 21:56:59 CEST 2006	Fri May 15 04:57:33 CEST 2009
Toivo_Pawlo	Tue Jan 25 18:54:49 CET 2005	Wed Apr 22 10:55:15 CEST 2009
Schillerstövare	Fri Sep 22 18:42:33 CEST 2006	Fri Mar 20 22:59:09 CET 2009
Lunds_BK	Sat Jun 25 18:11:36 CEST 2005	Thu Mar 26 05:04:40 CET 2009
Johannishus_slott	Thu Dec 29 19:17:44 CET 2005	Tue Jul 07 15:19:23 CEST 2009
Hästveda	Wed Nov 03 12:30:28 CET 2004	Fri May 08 14:15:53 CEST 2009
Fritsla	Tue Oct 05 21:49:21 CEST 2004	Fri May 08 14:47:45 CEST 2009
Forserum	Sun Sep 26 16:11:36 CEST 2004	Fri May 08 12:46:17 CEST 2009
Stenhammars_slott	Sat Feb 18 15:38:58 CET 2006	Tue Jul 07 15:53:46 CEST 2009
Ovesholms_slott	Sun Aug 14 17:56:37 CEST 2005	Tue Jul 07 15:42:25 CEST 2009
Kryckkors	Sat Nov 08 18:32:46 CET 2003	Tue Jul 21 12:24:29 CEST 2009
Bodafors	Tue Sep 28 15:24:34 CEST 2004	Fri May 08 12:44:52 CEST 2009
Stora_Sundby_slott	Sat Jul 22 11:28:02 CEST 2006	Tue Jul 07 15:54:14 CEST 2009
Sexdrega	Fri Mar 04 16:32:30 CET 2005	Thu May 07 21:52:23 CEST 2009
Seskarö	Tue May 25 22:38:51 CEST 2004	Sat May 09 01:59:35 CEST 2009
Sågmyra	Sun Oct 17 18:51:52 CEST 2004	Thu Apr 16 19:33:36 CEST 2009
Pia_Degermark	Sun May 01 20:35:53 CEST 2005	Sun Jul 26 16:19:31 CEST 2009
Beck_–_Okänd_avsändare	Thu Apr 28 02:04:39 CEST 2005	Tue Jul 21 12:41:30 CEST 2009
Svenska_viner	Wed May 03 22:34:51 CEST 2006	Tue Jul 07 23:10:28 CEST 2009
Lindholmen,_Vallentuna_kommun	Sat Oct 16 00:10:07 CEST 2004	Sun Apr 19 13:22:34 CEST 2009
Ekolsunds_slott	Sun Mar 18 23:18:18 CET 2007	Tue Jul 07 15:08:36 CEST 2009
Il_Capitano	Fri Jun 15 18:10:35 CEST 2007	Wed Mar 11 20:59:40 CET 2009
Mariedals_slott	Thu Mar 31 09:23:23 CEST 2005	Tue Jul 07 15:34:37 CEST 2009
Braås	Tue Sep 28 23:02:54 CEST 2004	Fri May 08 15:14:28 CEST 2009
Blentarp	Tue Sep 28 13:15:23 CEST 2004	Thu Apr 16 14:27:16 CEST 2009
Åsa_(namn)	Mon May 05 20:52:20 CEST 2003	Sat Jul 11 13:23:23 CEST 2009
Åke_Holmberg	Sun Dec 01 10:00:22 CET 2002	Fri Jul 03 12:40:36 CEST 2009
Nättraby	Wed Nov 10 13:48:37 CET 2004	Tue Apr 21 22:15:12 CEST 2009
Arméfördelning	Tue Aug 08 12:54:17 CEST 2006	Thu Jul 16 19:00:31 CEST 2009
Tosterups_slott	Sun Aug 14 20:02:50 CEST 2005	Tue Jul 07 15:59:18 CEST 2009
Sparreholms_slott	Fri Jul 21 17:01:28 CEST 2006	Tue Jul 07 15:53:25 CEST 2009
Lilla_Melodifestivalen_2004	Sat Feb 25 19:42:22 CET 2006	Tue Jun 09 22:27:03 CEST 2009
Dagmar_Ebbesen	Tue Feb 01 11:44:23 CET 2005	Tue Apr 21 19:10:55 CEST 2009
Stallarholmen	Fri Mar 04 17:01:13 CET 2005	Sun Apr 19 11:42:58 CEST 2009
Tun	Sat Aug 19 18:23:07 CEST 2006	Thu May 07 21:19:53 CEST 2009
Kågeröd	Wed Jun 30 15:05:47 CEST 2004	Sat May 09 14:15:24 CEST 2009
Bogesunds_slott	Tue May 02 20:04:54 CEST 2006	Tue Jul 07 15:03:17 CEST 2009
Tidö_slott	Fri Apr 15 08:20:22 CEST 2005	Tue Jul 07 15:56:24 CEST 2009
Loka	Thu Feb 24 01:47:11 CET 2005	Mon Jul 06 21:05:03 CEST 2009
Beck_–_Sista_vittnet	Sun May 22 23:27:42 CEST 2005	Tue Jul 21 12:51:18 CEST 2009
Baskemölla	Tue Jun 15 19:38:33 CEST 2004	Sun Apr 19 11:08:04 CEST 2009
Svärdsjö	Fri Dec 13 02:22:49 CET 2002	Fri May 08 21:19:13 CEST 2009
Långshyttan	Thu Oct 28 13:42:24 CEST 2004	Sat May 09 14:39:53 CEST 2009
Juoksengi	Mon Feb 28 15:30:12 CET 2005	Sat Apr 18 13:51:06 CEST 2009
Bua	Sat Feb 26 18:17:04 CET 2005	Fri May 08 13:11:18 CEST 2009
Juvelen	Tue May 29 23:12:14 CEST 2007	Tue Apr 21 05:10:32 CEST 2009
Reftele	Tue Jun 29 17:48:26 CEST 2004	Thu May 07 19:20:48 CEST 2009
Glumslöv	Sun Feb 27 17:15:20 CET 2005	Tue Apr 21 19:01:35 CEST 2009
Tygelsjö	Sat Mar 05 14:30:46 CET 2005	Sat Apr 18 09:43:51 CEST 2009
Bollstabruk	Sat Nov 27 15:17:15 CET 2004	Thu Apr 16 23:27:30 CEST 2009
Påskallavik	Thu Mar 03 01:06:47 CET 2005	Thu Apr 16 14:54:40 CEST 2009
Taxinge-Näsby_slott	Mon Aug 01 01:18:43 CEST 2005	Tue Jul 07 15:56:04 CEST 2009
Rävlanda	Tue Nov 02 18:53:23 CET 2004	Thu Apr 16 21:51:47 CEST 2009
Lammhult	Wed Mar 02 20:59:10 CET 2005	Fri May 08 15:16:06 CEST 2009
Pernilla	Tue May 03 11:59:17 CEST 2005	Fri Jun 12 22:08:29 CEST 2009
Tavelsjö	Sun Jan 19 18:44:31 CET 2003	Fri May 08 20:23:41 CEST 2009
Patrik_Elmander	Fri Jul 27 10:17:58 CEST 2007	Mon Mar 23 17:10:33 CET 2009
Viskafors	Mon Oct 11 17:09:09 CEST 2004	Tue Apr 21 19:40:49 CEST 2009
Fränsta	Tue Sep 28 22:41:08 CEST 2004	Thu Apr 16 15:25:42 CEST 2009
Mems_slott	Thu Feb 09 08:41:21 CET 2006	Tue Jul 07 15:35:15 CEST 2009
Stora_Höga	Fri Mar 04 17:07:37 CET 2005	Thu May 07 18:16:58 CEST 2009
Rosenlund	Fri Mar 04 16:04:46 CET 2005	Sun Apr 19 12:56:20 CEST 2009
Rottneros	Fri Mar 04 16:07:00 CET 2005	Sat May 09 01:43:05 CEST 2009
Hunnebostrand	Sun Feb 27 23:46:00 CET 2005	Sat May 09 13:42:28 CEST 2009
Vollsjö	Sun Jul 04 00:13:30 CEST 2004	Thu Apr 16 14:34:28 CEST 2009
Södermanlands-Nerikes_nation	Sat Jul 03 04:48:07 CEST 2004	Thu Mar 19 20:02:36 CET 2009
Gåsevadholms_slott	Fri Sep 08 23:28:01 CEST 2006	Tue Jul 07 15:10:49 CEST 2009
Långsele	Thu Dec 16 12:40:20 CET 2004	Sun Apr 19 11:27:46 CEST 2009
Jonstorp	Tue Sep 07 06:44:45 CEST 2004	Sat May 09 14:00:31 CEST 2009
All_They_Ever_Wanted	Sat Dec 13 22:58:19 CET 2008	Tue May 19 16:17:02 CEST 2009
Gäddede	Sun Feb 27 19:18:48 CET 2005	Sun Apr 19 11:45:10 CEST 2009
