"pageid","pagename","delay","day1","day2","date1","date2","date3","raw"
"5400622","30:e_november","1283","86","206","Sat Mar 28 12:42:01 CET 2009","Wed May 27 12:42:01 CEST 2009","Sun Jul 26 12:42:01 CEST 2009","30:e_november","sv","Sun Nov 20 21:25:46 CET 2005","en","Wed May 27 12:42:01 CEST 2009"
"5402504","All_They_Ever_Wanted","156","78","198","Fri Mar 20 16:17:02 CET 2009","Tue May 19 16:17:02 CEST 2009","Sat Jul 18 16:17:02 CEST 2009","All_They_Ever_Wanted","sv","Sat Dec 13 22:58:19 CET 2008","en","Tue May 19 16:17:02 CEST 2009"
"5402615","Allt_flyter","173","110","230","Tue Apr 21 22:48:18 CEST 2009","Sat Jun 20 22:48:18 CEST 2009","Wed Aug 19 22:48:18 CEST 2009","Allt_flyter","sv","Sun Dec 28 22:00:03 CET 2008","en","Sat Jun 20 22:48:18 CEST 2009"
"5405850","Bandit_Rock","1713","140","260","Thu May 21 21:28:47 CEST 2009","Mon Jul 20 21:28:47 CEST 2009","Fri Sep 18 21:28:47 CEST 2009","Bandit_Rock","sv","Tue Nov 09 21:50:26 CET 2004","en","Mon Jul 20 21:28:47 CEST 2009"
"5406130","Baskemölla","1768","48","168","Wed Feb 18 11:08:04 CET 2009","Sun Apr 19 11:08:04 CEST 2009","Thu Jun 18 11:08:04 CEST 2009","Baskemölla","sv","Tue Jun 15 19:38:33 CEST 2004","en","Sun Apr 19 11:08:04 CEST 2009"
"5406275","Beck_(film)","1482","134","254","Fri May 15 19:59:39 CEST 2009","Tue Jul 14 19:59:39 CEST 2009","Sat Sep 12 19:59:39 CEST 2009","Beck_(film)","sv","Wed Jun 22 21:05:31 CEST 2005","en","Tue Jul 14 19:59:39 CEST 2009"
"5406279","Beck_–_Kartellen","1562","141","261","Fri May 22 12:38:13 CEST 2009","Tue Jul 21 12:38:13 CEST 2009","Sat Sep 19 12:38:13 CEST 2009","Beck_–_Kartellen","sv","Mon Apr 11 01:31:58 CEST 2005","en","Tue Jul 21 12:38:13 CEST 2009"
"5406281","Beck_–_Okänd_avsändare","1545","141","261","Fri May 22 12:41:30 CEST 2009","Tue Jul 21 12:41:30 CEST 2009","Sat Sep 19 12:41:30 CEST 2009","Beck_–_Okänd_avsändare","sv","Thu Apr 28 02:04:39 CEST 2005","en","Tue Jul 21 12:41:30 CEST 2009"
"5406283","Beck_–_Sista_vittnet","1520","141","261","Fri May 22 12:51:18 CEST 2009","Tue Jul 21 12:51:18 CEST 2009","Sat Sep 19 12:51:18 CEST 2009","Beck_–_Sista_vittnet","sv","Sun May 22 23:27:42 CEST 2005","en","Tue Jul 21 12:51:18 CEST 2009"
"7325721","Billesholm","1672","67","187","Mon Mar 09 15:10:58 CET 2009","Fri May 08 15:10:58 CEST 2009","Tue Jul 07 15:10:58 CEST 2009","Billesholm","sv","Sat Oct 09 14:43:18 CEST 2004","en","Fri May 08 15:10:58 CEST 2009"
"7325950","Blentarp","1661","45","165","Sun Feb 15 14:27:16 CET 2009","Thu Apr 16 14:27:16 CEST 2009","Mon Jun 15 14:27:16 CEST 2009","Blentarp","sv","Tue Sep 28 13:15:23 CEST 2004","en","Thu Apr 16 14:27:16 CEST 2009"
"7326057","Bodafors","1682","67","187","Mon Mar 09 12:44:52 CET 2009","Fri May 08 12:44:52 CEST 2009","Tue Jul 07 12:44:52 CEST 2009","Bodafors","sv","Tue Sep 28 15:24:34 CEST 2004","en","Fri May 08 12:44:52 CEST 2009"
"5408013","Bollstabruk","1601","45","165","Sun Feb 15 23:27:30 CET 2009","Thu Apr 16 23:27:30 CEST 2009","Mon Jun 15 23:27:30 CEST 2009","Bollstabruk","sv","Sat Nov 27 15:17:15 CET 2004","en","Thu Apr 16 23:27:30 CEST 2009"
"5408448","Brandbergen","1659","71","191","Fri Mar 13 15:51:19 CET 2009","Tue May 12 15:51:19 CEST 2009","Sat Jul 11 15:51:19 CEST 2009","Brandbergen","sv","Tue Oct 26 00:16:28 CEST 2004","en","Tue May 12 15:51:19 CEST 2009"
"5408499","Brastad","1842","46","166","Mon Feb 16 12:20:53 CET 2009","Fri Apr 17 12:20:53 CEST 2009","Tue Jun 16 12:20:53 CEST 2009","Brastad","sv","Wed Mar 31 23:15:34 CEST 2004","en","Fri Apr 17 12:20:53 CEST 2009"
"7326305","Braås","1682","67","187","Mon Mar 09 15:14:28 CET 2009","Fri May 08 15:14:28 CEST 2009","Tue Jul 07 15:14:28 CEST 2009","Braås","sv","Tue Sep 28 23:02:54 CEST 2004","en","Fri May 08 15:14:28 CEST 2009"
"5408531","Bredaryd","1682","67","187","Mon Mar 09 19:40:03 CET 2009","Fri May 08 19:40:03 CEST 2009","Tue Jul 07 19:40:03 CEST 2009","Bredaryd","sv","Tue Sep 28 23:08:42 CEST 2004","en","Fri May 08 19:40:03 CEST 2009"
"5408534","Bredbandsbolaget","1666","3","122","Sun Jan 04 00:42:20 CET 2009","Thu Mar 05 00:42:20 CET 2009","Mon May 04 00:42:20 CEST 2009","Bredbandsbolaget","sv","Wed Aug 11 17:34:11 CEST 2004","en","Thu Mar 05 00:42:20 CET 2009"
"5408722","Brolle","1815","142","262","Sat May 23 23:33:50 CEST 2009","Wed Jul 22 23:33:50 CEST 2009","Sun Sep 20 23:33:50 CEST 2009","Brolle","sv","Mon Aug 02 00:52:49 CEST 2004","en","Wed Jul 22 23:33:50 CEST 2009"
"5408839","Brunkebergsåsen","1291","46","166","Mon Feb 16 19:17:34 CET 2009","Fri Apr 17 19:17:34 CEST 2009","Tue Jun 16 19:17:34 CEST 2009","Brunkebergsåsen","sv","Mon Oct 03 19:22:03 CEST 2005","en","Fri Apr 17 19:17:34 CEST 2009"
"5408388","Brösarp","1533","48","168","Wed Feb 18 12:50:56 CET 2009","Sun Apr 19 12:50:56 CEST 2009","Thu Jun 18 12:50:56 CEST 2009","Brösarp","sv","Sat Feb 05 18:28:18 CET 2005","en","Sun Apr 19 12:50:56 CEST 2009"
"5409086","Bury_the_Lies","521","21","141","Thu Jan 22 17:58:28 CET 2009","Mon Mar 23 17:58:28 CET 2009","Fri May 22 17:58:28 CEST 2009","Bury_the_Lies","sv","Fri Oct 19 08:55:53 CEST 2007","en","Mon Mar 23 17:58:28 CET 2009"
"7326766","Calle_Jonsson","1458","32","152","Mon Feb 02 11:30:16 CET 2009","Fri Apr 03 11:30:16 CEST 2009","Tue Jun 02 11:30:16 CEST 2009","Calle_Jonsson","sv","Tue Apr 05 21:14:35 CEST 2005","en","Fri Apr 03 11:30:16 CEST 2009"
"5409722","Caroline_Krook","1988","134","254","Fri May 15 17:28:33 CEST 2009","Tue Jul 14 17:28:33 CEST 2009","Sat Sep 12 17:28:33 CEST 2009","Caroline_Krook","sv","Tue Feb 03 16:10:12 CET 2004","en","Tue Jul 14 17:28:33 CEST 2009"
"7327857","Dagmar_Ebbesen","1540","50","170","Fri Feb 20 19:10:55 CET 2009","Tue Apr 21 19:10:55 CEST 2009","Sat Jun 20 19:10:55 CEST 2009","Dagmar_Ebbesen","sv","Tue Feb 01 11:44:23 CET 2005","en","Tue Apr 21 19:10:55 CEST 2009"
"5411537","Dagmar_Hagelin","1253","50","170","Fri Feb 20 19:10:03 CET 2009","Tue Apr 21 19:10:03 CEST 2009","Sat Jun 20 19:10:03 CEST 2009","Dagmar_Hagelin","sv","Tue Nov 15 17:14:48 CET 2005","en","Tue Apr 21 19:10:03 CEST 2009"
"5411578","Dalarnas_Tidningar","2448","158","278","Mon Jun 08 06:45:45 CEST 2009","Fri Aug 07 06:45:45 CEST 2009","Tue Oct 06 06:45:45 CEST 2009","Dalarnas_Tidningar","sv","Sat Nov 23 22:32:49 CET 2002","en","Fri Aug 07 06:45:45 CEST 2009"
"5412159","De_drabbade","1285","112","232","Thu Apr 23 01:45:53 CEST 2009","Mon Jun 22 01:45:53 CEST 2009","Fri Aug 21 01:45:53 CEST 2009","De_drabbade","sv","Wed Dec 14 17:19:21 CET 2005","en","Mon Jun 22 01:45:53 CEST 2009"
"5413376","Doktor_Mugg","1427","24","144","Sun Jan 25 13:38:51 CET 2009","Thu Mar 26 13:38:51 CET 2009","Mon May 25 13:38:51 CEST 2009","Doktor_Mugg","sv","Thu Apr 28 18:25:20 CEST 2005","en","Thu Mar 26 13:38:51 CET 2009"
"7327786","Dörarp","1227","178","298","Sun Jun 28 13:07:02 CEST 2009","Thu Aug 27 13:07:02 CEST 2009","Mon Oct 26 13:07:02 CET 2009","Dörarp","sv","Tue Apr 18 11:07:36 CEST 2006","en","Thu Aug 27 13:07:02 CEST 2009"
"5414223","Ebbe_Carlsson","2056","63","183","Thu Mar 05 05:56:03 CET 2009","Mon May 04 05:56:03 CEST 2009","Fri Jul 03 05:56:03 CEST 2009","Ebbe_Carlsson","sv","Wed Sep 17 03:30:50 CEST 2003","en","Mon May 04 05:56:03 CEST 2009"
"5414765","Elin_Sigvardsson","1434","5","125","Tue Jan 06 12:07:21 CET 2009","Sat Mar 07 12:07:21 CET 2009","Wed May 06 12:07:21 CEST 2009","Elin_Sigvardsson","sv","Sun Apr 03 11:38:44 CEST 2005","en","Sat Mar 07 12:07:21 CET 2009"
"7329538","Ellos","1760","155","275","Fri Jun 05 17:03:46 CEST 2009","Tue Aug 04 17:03:46 CEST 2009","Sat Oct 03 17:03:46 CEST 2009","Ellos","sv","Sat Oct 09 15:49:00 CEST 2004","en","Tue Aug 04 17:03:46 CEST 2009"
"5415641","Erstavik","1439","127","247","Fri May 08 15:09:52 CEST 2009","Tue Jul 07 15:09:52 CEST 2009","Sat Sep 05 15:09:52 CEST 2009","Erstavik","sv","Thu Jul 28 17:56:28 CEST 2005","en","Tue Jul 07 15:09:52 CEST 2009"
"5415642","Erton_Fejzullahu","944","138","258","Tue May 19 10:47:29 CEST 2009","Sat Jul 18 10:47:29 CEST 2009","Wed Sep 16 10:47:29 CEST 2009","Erton_Fejzullahu","sv","Sat Dec 16 20:12:13 CET 2006","en","Sat Jul 18 10:47:29 CEST 2009"
"7330107","Eva_Bonnier","912","152","272","Tue Jun 02 02:03:48 CEST 2009","Sat Aug 01 02:03:48 CEST 2009","Wed Sep 30 02:03:48 CEST 2009","Eva_Bonnier","sv","Wed Jan 31 14:36:53 CET 2007","en","Sat Aug 01 02:03:48 CEST 2009"
"7330431","F_21_Luleå","1432","109","229","Mon Apr 20 11:13:34 CEST 2009","Fri Jun 19 11:13:34 CEST 2009","Tue Aug 18 11:13:34 CEST 2009","F_21_Luleå","sv","Mon Jul 18 11:05:44 CEST 2005","en","Fri Jun 19 11:13:34 CEST 2009"
"5420027","Fimpen","1819","111","231","Wed Apr 22 17:32:26 CEST 2009","Sun Jun 21 17:32:26 CEST 2009","Thu Aug 20 17:32:26 CEST 2009","Fimpen","sv","Sun Jun 27 20:11:24 CEST 2004","en","Sun Jun 21 17:32:26 CEST 2009"
"5420249","Fjärdhundra","1660","51","171","Sat Feb 21 20:53:44 CET 2009","Wed Apr 22 20:53:44 CEST 2009","Sun Jun 21 20:53:44 CEST 2009","Fjärdhundra","sv","Tue Oct 05 11:12:32 CEST 2004","en","Wed Apr 22 20:53:44 CEST 2009"
"5420309","Flamingokvintetten","1452","81","201","Mon Mar 23 17:47:53 CET 2009","Fri May 22 17:47:53 CEST 2009","Tue Jul 21 17:47:53 CEST 2009","Flamingokvintetten","sv","Mon May 30 22:07:46 CEST 2005","en","Fri May 22 17:47:53 CEST 2009"
"5420458","Flyff","1019","150","270","Mon Jun 01 00:58:49 CEST 2009","Fri Jul 31 00:58:49 CEST 2009","Tue Sep 29 00:58:49 CEST 2009","Flyff","sv","Sun Oct 15 15:15:24 CEST 2006","en","Fri Jul 31 00:58:49 CEST 2009"
"7333036","Forsbacka","1675","66","186","Sun Mar 08 19:07:04 CET 2009","Thu May 07 19:07:04 CEST 2009","Mon Jul 06 19:07:04 CEST 2009","Forsbacka","sv","Tue Oct 05 14:03:27 CEST 2004","en","Thu May 07 19:07:04 CEST 2009"
"5420755","Forserum","1684","67","187","Mon Mar 09 12:46:17 CET 2009","Fri May 08 12:46:17 CEST 2009","Tue Jul 07 12:46:17 CEST 2009","Forserum","sv","Sun Sep 26 16:11:36 CEST 2004","en","Fri May 08 12:46:17 CEST 2009"
"5420763","Forsvik","1711","45","165","Sun Feb 15 23:04:35 CET 2009","Thu Apr 16 23:04:35 CEST 2009","Mon Jun 15 23:04:35 CEST 2009","Forsvik","sv","Mon Aug 09 18:56:57 CEST 2004","en","Thu Apr 16 23:04:35 CEST 2009"
"5421419","Frillesås","1585","48","168","Wed Feb 18 21:29:58 CET 2009","Sun Apr 19 21:29:58 CEST 2009","Thu Jun 18 21:29:58 CEST 2009","Frillesås","sv","Thu Dec 16 14:28:18 CET 2004","en","Sun Apr 19 21:29:58 CEST 2009"
"5421452","Fritiof_Nilsson_Piraten","2289","25","145","Mon Jan 26 20:40:11 CET 2009","Fri Mar 27 20:40:11 CET 2009","Tue May 26 20:40:11 CEST 2009","Fritiof_Nilsson_Piraten","sv","Fri Dec 20 09:33:29 CET 2002","en","Fri Mar 27 20:40:11 CET 2009"
"5421453","Fritsla","1675","67","187","Mon Mar 09 14:47:45 CET 2009","Fri May 08 14:47:45 CEST 2009","Tue Jul 07 14:47:45 CEST 2009","Fritsla","sv","Tue Oct 05 21:49:21 CEST 2004","en","Fri May 08 14:47:45 CEST 2009"
"5421506","Fryshuset","2078","159","279","Tue Jun 09 15:55:16 CEST 2009","Sat Aug 08 15:55:16 CEST 2009","Wed Oct 07 15:55:16 CEST 2009","Fryshuset","sv","Sat Nov 29 22:49:32 CET 2003","en","Sat Aug 08 15:55:16 CEST 2009"
"5420912","Fränsta","1660","45","165","Sun Feb 15 15:25:42 CET 2009","Thu Apr 16 15:25:42 CEST 2009","Mon Jun 15 15:25:42 CEST 2009","Fränsta","sv","Tue Sep 28 22:41:08 CEST 2004","en","Thu Apr 16 15:25:42 CEST 2009"
"5421538","Full_Frys","1117","137","257","Mon May 18 01:26:19 CEST 2009","Fri Jul 17 01:26:19 CEST 2009","Tue Sep 15 01:26:19 CEST 2009","Full_Frys","sv","Sun Jun 25 20:38:30 CEST 2006","en","Fri Jul 17 01:26:19 CEST 2009"
"5421557","Funäsdalen","1654","45","165","Sun Feb 15 20:40:27 CET 2009","Thu Apr 16 20:40:27 CEST 2009","Mon Jun 15 20:40:27 CEST 2009","Funäsdalen","sv","Mon Oct 04 23:10:12 CEST 2004","en","Thu Apr 16 20:40:27 CEST 2009"
"5421587","Furulund","1658","50","170","Fri Feb 20 18:22:14 CET 2009","Tue Apr 21 18:22:14 CEST 2009","Sat Jun 20 18:22:14 CEST 2009","Furulund","sv","Wed Oct 06 12:54:23 CEST 2004","en","Tue Apr 21 18:22:14 CEST 2009"
"7330336","Förslöv","1668","67","187","Mon Mar 09 21:02:23 CET 2009","Fri May 08 21:02:23 CEST 2009","Tue Jul 07 21:02:23 CEST 2009","Förslöv","sv","Tue Oct 12 23:52:24 CEST 2004","en","Fri May 08 21:02:23 CEST 2009"
"5422954","Glocalnet","1297","3","123","Sun Jan 04 01:00:43 CET 2009","Thu Mar 05 01:00:43 CET 2009","Mon May 04 01:00:43 CEST 2009","Glocalnet","sv","Mon Aug 15 13:44:38 CEST 2005","en","Thu Mar 05 01:00:43 CET 2009"
"7334180","Glumslöv","1514","50","170","Fri Feb 20 19:01:35 CET 2009","Tue Apr 21 19:01:35 CEST 2009","Sat Jun 20 19:01:35 CEST 2009","Glumslöv","sv","Sun Feb 27 17:15:20 CET 2005","en","Tue Apr 21 19:01:35 CEST 2009"
"5423007","Gnarp","1679","47","167","Tue Feb 17 11:34:11 CET 2009","Sat Apr 18 11:34:11 CEST 2009","Wed Jun 17 11:34:11 CEST 2009","Gnarp","sv","Sat Sep 11 22:26:17 CEST 2004","en","Sat Apr 18 11:34:11 CEST 2009"
"5423683","Grycksbo","2358","67","187","Mon Mar 09 21:17:48 CET 2009","Fri May 08 21:17:48 CEST 2009","Tue Jul 07 21:17:48 CEST 2009","Grycksbo","sv","Sat Nov 23 10:02:48 CET 2002","en","Fri May 08 21:17:48 CEST 2009"
"5423960","Gus_Dahlström","1531","49","169","Thu Feb 19 19:13:59 CET 2009","Mon Apr 20 19:13:59 CEST 2009","Fri Jun 19 19:13:59 CEST 2009","Gus_Dahlström","sv","Wed Feb 09 14:36:49 CET 2005","en","Mon Apr 20 19:13:59 CEST 2009"
"5423981","Gustaf_Hammarsten","1591","102","222","Mon Apr 13 16:19:44 CEST 2009","Fri Jun 12 16:19:44 CEST 2009","Tue Aug 11 16:19:44 CEST 2009","Gustaf_Hammarsten","sv","Tue Feb 01 21:27:16 CET 2005","en","Fri Jun 12 16:19:44 CEST 2009"
"5424049","Gusum","1531","67","187","Mon Mar 09 21:28:22 CET 2009","Fri May 08 21:28:22 CEST 2009","Tue Jul 07 21:28:22 CEST 2009","Gusum","sv","Sun Feb 27 18:47:25 CET 2005","en","Fri May 08 21:28:22 CEST 2009"
"8459121","Gäddede","1511","48","168","Wed Feb 18 11:45:10 CET 2009","Sun Apr 19 11:45:10 CEST 2009","Thu Jun 18 11:45:10 CEST 2009","Gäddede","sv","Sun Feb 27 19:18:48 CET 2005","en","Sun Apr 19 11:45:10 CEST 2009"
"5425072","Hardy_Nilsson","1807","170","290","Sat Jun 20 15:22:57 CEST 2009","Wed Aug 19 15:22:57 CEST 2009","Sun Oct 18 15:22:57 CEST 2009","Hardy_Nilsson","sv","Tue Sep 07 12:14:43 CEST 2004","en","Wed Aug 19 15:22:57 CEST 2009"
"5425258","Hassela","1511","48","168","Wed Feb 18 14:21:25 CET 2009","Sun Apr 19 14:21:25 CEST 2009","Thu Jun 18 14:21:25 CEST 2009","Hassela","sv","Sun Feb 27 22:23:58 CET 2005","en","Sun Apr 19 14:21:25 CEST 2009"
"5426053","Hindås","1647","67","187","Mon Mar 09 14:27:50 CET 2009","Fri May 08 14:27:50 CEST 2009","Tue Jul 07 14:27:50 CEST 2009","Hindås","sv","Tue Nov 02 18:27:45 CET 2004","en","Fri May 08 14:27:50 CEST 2009"
"5426408","Horndal","1650","45","165","Sun Feb 15 16:04:37 CET 2009","Thu Apr 16 16:04:37 CEST 2009","Mon Jun 15 16:04:37 CEST 2009","Horndal","sv","Sat Oct 09 09:23:14 CEST 2004","en","Thu Apr 16 16:04:37 CEST 2009"
"5426466","Hoting","1619","48","168","Wed Feb 18 14:24:40 CET 2009","Sun Apr 19 14:24:40 CEST 2009","Thu Jun 18 14:24:40 CEST 2009","Hoting","sv","Thu Nov 11 21:12:33 CET 2004","en","Sun Apr 19 14:24:40 CEST 2009"
"5426666","Hunnebostrand","1531","68","188","Tue Mar 10 13:42:28 CET 2009","Sat May 09 13:42:28 CEST 2009","Wed Jul 08 13:42:28 CEST 2009","Hunnebostrand","sv","Sun Feb 27 23:46:00 CET 2005","en","Sat May 09 13:42:28 CEST 2009"
"5424128","Hälleforsnäs","1641","45","165","Sun Feb 15 19:38:56 CET 2009","Thu Apr 16 19:38:56 CEST 2009","Mon Jun 15 19:38:56 CEST 2009","Hälleforsnäs","sv","Mon Oct 18 14:59:23 CEST 2004","en","Thu Apr 16 19:38:56 CEST 2009"
"5424220","Hästveda","1647","67","187","Mon Mar 09 14:15:53 CET 2009","Fri May 08 14:15:53 CEST 2009","Tue Jul 07 14:15:53 CEST 2009","Hästveda","sv","Wed Nov 03 12:30:28 CET 2004","en","Fri May 08 14:15:53 CEST 2009"
"5424248","Håkan_Bråkan","1413","24","144","Sun Jan 25 13:41:24 CET 2009","Thu Mar 26 13:41:24 CET 2009","Mon May 25 13:41:24 CEST 2009","Håkan_Bråkan","sv","Thu May 12 19:05:58 CEST 2005","en","Thu Mar 26 13:41:24 CET 2009"
"5427653","Ingvar_Hirdwall","1868","100","220","Sat Apr 11 14:26:13 CEST 2009","Wed Jun 10 14:26:13 CEST 2009","Sun Aug 09 14:26:13 CEST 2009","Ingvar_Hirdwall","sv","Wed Apr 28 16:06:11 CEST 2004","en","Wed Jun 10 14:26:13 CEST 2009"
"5428843","Jan-Olof_Strandberg","1496","6","126","Wed Jan 07 11:41:53 CET 2009","Sun Mar 08 11:41:53 CET 2009","Thu May 07 11:41:53 CEST 2009","Jan-Olof_Strandberg","sv","Mon Jan 31 13:08:25 CET 2005","en","Sun Mar 08 11:41:53 CET 2009"
"5428882","Jan_Lindblad","1890","8","128","Fri Jan 09 02:37:47 CET 2009","Tue Mar 10 02:37:47 CET 2009","Sat May 09 02:37:47 CEST 2009","Jan_Lindblad","sv","Mon Jan 05 16:00:38 CET 2004","en","Tue Mar 10 02:37:47 CET 2009"
"5429007","Jarl_Alfredius","1631","29","149","Fri Jan 30 13:40:32 CET 2009","Tue Mar 31 13:40:32 CEST 2009","Sat May 30 13:40:32 CEST 2009","Jarl_Alfredius","sv","Mon Oct 11 20:51:35 CEST 2004","en","Tue Mar 31 13:40:32 CEST 2009"
"5429666","Johan_Palm","137","18","138","Mon Jan 19 23:09:48 CET 2009","Fri Mar 20 23:09:48 CET 2009","Tue May 19 23:09:48 CEST 2009","Johan_Palm","sv","Mon Nov 03 10:10:57 CET 2008","en","Fri Mar 20 23:09:48 CET 2009"
"5429697","Johan_Widerberg","1681","111","231","Wed Apr 22 18:18:31 CEST 2009","Sun Jun 21 18:18:31 CEST 2009","Thu Aug 20 18:18:31 CEST 2009","Johan_Widerberg","sv","Fri Nov 12 17:27:34 CET 2004","en","Sun Jun 21 18:18:31 CEST 2009"
"7337871","Jonas_Wenström","1700","159","279","Tue Jun 09 23:04:40 CEST 2009","Sat Aug 08 23:04:40 CEST 2009","Wed Oct 07 23:04:40 CEST 2009","Jonas_Wenström","sv","Sun Dec 12 18:18:57 CET 2004","en","Sat Aug 08 23:04:40 CEST 2009"
"5430138","Jonsered","1833","47","167","Tue Feb 17 13:56:22 CET 2009","Sat Apr 18 13:56:22 CEST 2009","Wed Jun 17 13:56:22 CEST 2009","Jonsered","sv","Sun Apr 11 01:32:55 CEST 2004","en","Sat Apr 18 13:56:22 CEST 2009"
"7337891","Jonstorp","1705","68","188","Tue Mar 10 14:00:31 CET 2009","Sat May 09 14:00:31 CEST 2009","Wed Jul 08 14:00:31 CEST 2009","Jonstorp","sv","Tue Sep 07 06:44:45 CEST 2004","en","Sat May 09 14:00:31 CEST 2009"
"5430423","Julia_Cæsar","1886","49","169","Thu Feb 19 19:08:12 CET 2009","Mon Apr 20 19:08:12 CEST 2009","Fri Jun 19 19:08:12 CEST 2009","Julia_Cæsar","sv","Fri Feb 20 08:13:26 CET 2004","en","Mon Apr 20 19:08:12 CEST 2009"
"5430525","Junibacken","2296","28","147","Thu Jan 29 00:38:58 CET 2009","Mon Mar 30 00:38:58 CEST 2009","Fri May 29 00:38:58 CEST 2009","Junibacken","sv","Sun Dec 15 21:14:16 CET 2002","en","Mon Mar 30 00:38:58 CEST 2009"
"5430545","Juoksengi","1509","47","167","Tue Feb 17 13:51:06 CET 2009","Sat Apr 18 13:51:06 CEST 2009","Wed Jun 17 13:51:06 CEST 2009","Juoksengi","sv","Mon Feb 28 15:30:12 CET 2005","en","Sat Apr 18 13:51:06 CEST 2009"
"7338121","Juvelen","692","50","170","Fri Feb 20 05:10:32 CET 2009","Tue Apr 21 05:10:32 CEST 2009","Sat Jun 20 05:10:32 CEST 2009","Juvelen","sv","Tue May 29 23:12:14 CEST 2007","en","Tue Apr 21 05:10:32 CEST 2009"
"5428440","Jörn","1646","48","168","Wed Feb 18 11:10:51 CET 2009","Sun Apr 19 11:10:51 CEST 2009","Thu Jun 18 11:10:51 CEST 2009","Jörn","sv","Sat Oct 16 02:46:29 CEST 2004","en","Sun Apr 19 11:10:51 CEST 2009"
"5434184","Kjell_Lönnå","1581","6","126","Wed Jan 07 13:03:44 CET 2009","Sun Mar 08 13:03:44 CET 2009","Thu May 07 13:03:44 CEST 2009","Kjell_Lönnå","sv","Sun Nov 07 18:18:45 CET 2004","en","Sun Mar 08 13:03:44 CET 2009"
"5434209","Klågerup","1663","48","168","Wed Feb 18 11:53:33 CET 2009","Sun Apr 19 11:53:33 CEST 2009","Thu Jun 18 11:53:33 CEST 2009","Klågerup","sv","Tue Sep 28 19:37:28 CEST 2004","en","Sun Apr 19 11:53:33 CEST 2009"
"7340058","Klövsjö","1672","67","187","Mon Mar 09 13:20:39 CET 2009","Fri May 08 13:20:39 CEST 2009","Tue Jul 07 13:20:39 CEST 2009","Klövsjö","sv","Sat Oct 09 11:57:11 CEST 2004","en","Fri May 08 13:20:39 CEST 2009"
"5435317","Krister_Henriksson","1868","21","141","Thu Jan 22 03:15:15 CET 2009","Mon Mar 23 03:15:15 CET 2009","Fri May 22 03:15:15 CEST 2009","Krister_Henriksson","sv","Mon Feb 09 21:20:11 CET 2004","en","Mon Mar 23 03:15:15 CET 2009"
"5435820","Kvänum","1600","66","186","Sun Mar 08 21:01:14 CET 2009","Thu May 07 21:01:14 CEST 2009","Mon Jul 06 21:01:14 CEST 2009","Kvänum","sv","Sat Dec 18 22:25:03 CET 2004","en","Thu May 07 21:01:14 CEST 2009"
"5430707","Kåge","1664","66","186","Sun Mar 08 21:27:19 CET 2009","Thu May 07 21:27:19 CEST 2009","Mon Jul 06 21:27:19 CEST 2009","Kåge","sv","Sat Oct 16 02:58:00 CEST 2004","en","Thu May 07 21:27:19 CEST 2009"
"5430708","Kågeröd","1773","68","188","Tue Mar 10 14:15:24 CET 2009","Sat May 09 14:15:24 CEST 2009","Wed Jul 08 14:15:24 CEST 2009","Kågeröd","sv","Wed Jun 30 15:05:47 CEST 2004","en","Sat May 09 14:15:24 CEST 2009"
"5430758","Könsrock","1425","163","283","Sat Jun 13 15:05:36 CEST 2009","Wed Aug 12 15:05:36 CEST 2009","Sun Oct 11 15:05:36 CEST 2009","Könsrock","sv","Fri Sep 16 23:11:28 CEST 2005","en","Wed Aug 12 15:05:36 CEST 2009"
"5436468","Lammhult","1527","67","187","Mon Mar 09 15:16:06 CET 2009","Fri May 08 15:16:06 CEST 2009","Tue Jul 07 15:16:06 CEST 2009","Lammhult","sv","Wed Mar 02 20:59:10 CET 2005","en","Fri May 08 15:16:06 CEST 2009"
"5436733","Larz-Kristerz","213","63","183","Thu Mar 05 21:19:09 CET 2009","Mon May 04 21:19:09 CEST 2009","Fri Jul 03 21:19:09 CEST 2009","Larz-Kristerz","sv","Thu Oct 02 23:08:45 CEST 2008","en","Mon May 04 21:19:09 CEST 2009"
"5436793","Lasse_Strömstedt","2184","126","246","Thu May 07 14:05:54 CEST 2009","Mon Jul 06 14:05:54 CEST 2009","Fri Sep 04 14:05:54 CEST 2009","Lasse_Strömstedt","sv","Sun Jul 13 23:12:45 CEST 2003","en","Mon Jul 06 14:05:54 CEST 2009"
"5437172","Lennart","1784","165","285","Mon Jun 15 01:23:53 CEST 2009","Fri Aug 14 01:23:53 CEST 2009","Tue Oct 13 01:23:53 CEST 2009","Lennart","sv","Fri Sep 24 21:16:04 CEST 2004","en","Fri Aug 14 01:23:53 CEST 2009"
"5438689","Ljungbyhed","1762","45","165","Sun Feb 15 23:22:11 CET 2009","Thu Apr 16 23:22:11 CEST 2009","Mon Jun 15 23:22:11 CEST 2009","Ljungbyhed","sv","Sat Jun 19 19:47:06 CEST 2004","en","Thu Apr 16 23:22:11 CEST 2009"
"5438694","Ljungskile","1735","48","168","Wed Feb 18 13:02:20 CET 2009","Sun Apr 19 13:02:20 CEST 2009","Thu Jun 18 13:02:20 CEST 2009","Ljungskile","sv","Mon Jul 19 10:22:13 CEST 2004","en","Sun Apr 19 13:02:20 CEST 2009"
"7342290","Lotta_Lotass","1156","4","124","Mon Jan 05 16:35:01 CET 2009","Fri Mar 06 16:35:01 CET 2009","Tue May 05 16:35:01 CEST 2009","Lotta_Lotass","sv","Thu Jan 05 13:03:13 CET 2006","en","Fri Mar 06 16:35:01 CET 2009"
"5439131","Luftvärnsregementet","1399","90","210","Thu Apr 02 00:40:30 CEST 2009","Mon Jun 01 00:40:30 CEST 2009","Fri Jul 31 00:40:30 CEST 2009","Luftvärnsregementet","sv","Mon Aug 01 22:00:19 CEST 2005","en","Mon Jun 01 00:40:30 CEST 2009"
"5439201","Lunds_BK","1369","24","144","Sun Jan 25 05:04:40 CET 2009","Thu Mar 26 05:04:40 CET 2009","Mon May 25 05:04:40 CEST 2009","Lunds_BK","sv","Sat Jun 25 18:11:36 CEST 2005","en","Thu Mar 26 05:04:40 CET 2009"
"5436127","Långsele","1584","48","168","Wed Feb 18 11:27:46 CET 2009","Sun Apr 19 11:27:46 CEST 2009","Thu Jun 18 11:27:46 CEST 2009","Långsele","sv","Thu Dec 16 12:40:20 CET 2004","en","Sun Apr 19 11:27:46 CEST 2009"
"5436128","Långshyttan","1654","68","188","Tue Mar 10 14:39:53 CET 2009","Sat May 09 14:39:53 CEST 2009","Wed Jul 08 14:39:53 CEST 2009","Långshyttan","sv","Thu Oct 28 13:42:24 CEST 2004","en","Sat May 09 14:39:53 CEST 2009"
"5436183","Löntagarfonder","1567","93","213","Sat Apr 04 21:29:29 CEST 2009","Wed Jun 03 21:29:29 CEST 2009","Sun Aug 02 21:29:29 CEST 2009","Löntagarfonder","sv","Wed Feb 16 22:02:14 CET 2005","en","Wed Jun 03 21:29:29 CEST 2009
"5440037","Majgull_Axelsson","2007","175","295","Thu Jun 25 10:57:03 CEST 2009","Mon Aug 24 10:57:03 CEST 2009","Fri Oct 23 10:57:03 CEST 2009","Majgull_Axelsson","sv","Wed Feb 25 03:37:11 CET 2004","en","Mon Aug 24 10:57:03 CEST 2009"
"5440137","Malexander","2206","37","157","Sat Feb 07 10:15:12 CET 2009","Wed Apr 08 10:15:12 CEST 2009","Sun Jun 07 10:15:12 CEST 2009","Malexander","sv","Mon Mar 24 18:29:19 CET 2003","en","Wed Apr 08 10:15:12 CEST 2009"
"5440712","Mariannelund","2324","45","165","Sun Feb 15 17:16:43 CET 2009","Thu Apr 16 17:16:43 CEST 2009","Mon Jun 15 17:16:43 CEST 2009","Mariannelund","sv","Thu Dec 05 09:47:47 CET 2002","en","Thu Apr 16 17:16:43 CEST 2009"
"5441387","Maud_Hansson","1491","50","170","Fri Feb 20 20:35:14 CET 2009","Tue Apr 21 20:35:14 CEST 2009","Sat Jun 20 20:35:14 CEST 2009","Maud_Hansson","sv","Tue Mar 22 15:43:42 CET 2005","en","Tue Apr 21 20:35:14 CEST 2009"
"5442126","Michael_Lindgren","260","90","210","Wed Apr 01 02:25:53 CEST 2009","Sun May 31 02:25:53 CEST 2009","Thu Jul 30 02:25:53 CEST 2009","Michael_Lindgren","sv","Fri Sep 12 15:59:27 CEST 2008","en","Sun May 31 02:25:53 CEST 2009"
"5442299","Mietek_Grocher","361","6","126","Wed Jan 07 20:24:22 CET 2009","Sun Mar 08 20:24:22 CET 2009","Thu May 07 20:24:22 CEST 2009","Mietek_Grocher","sv","Tue Mar 11 22:56:21 CET 2008","en","Sun Mar 08 20:24:22 CET 2009"
"5442615","Minoo_Akhtarzand","521","130","250","Mon May 11 14:50:20 CEST 2009","Fri Jul 10 14:50:20 CEST 2009","Tue Sep 08 14:50:20 CEST 2009","Minoo_Akhtarzand","sv","Tue Feb 05 12:09:20 CET 2008","en","Fri Jul 10 14:50:20 CEST 2009"
"5443109","Moore_Magazine","1616","19","139","Tue Jan 20 05:10:08 CET 2009","Sat Mar 21 05:10:08 CET 2009","Wed May 20 05:10:08 CEST 2009","Moore_Magazine","sv","Sat Oct 16 11:52:40 CEST 2004","en","Sat Mar 21 05:10:08 CET 2009"
"5443320","Movits!","234","148","268","Fri May 29 14:44:31 CEST 2009","Tue Jul 28 14:44:31 CEST 2009","Sat Sep 26 14:44:31 CEST 2009","Movits!","sv","Fri Dec 05 19:14:51 CET 2008","en","Tue Jul 28 14:44:31 CEST 2009"
"5443569","Muskö","1633","45","165","Sun Feb 15 20:36:06 CET 2009","Thu Apr 16 20:36:06 CEST 2009","Mon Jun 15 20:36:06 CEST 2009","Muskö","sv","Tue Oct 26 00:07:12 CEST 2004","en","Thu Apr 16 20:36:06 CEST 2009"
"5444083","Naserligan","604","5","125","Tue Jan 06 21:30:40 CET 2009","Sat Mar 07 21:30:40 CET 2009","Wed May 06 21:30:40 CEST 2009","Naserligan","sv","Thu Jul 12 19:22:16 CEST 2007","en","Sat Mar 07 21:30:40 CET 2009"
"7345062","Niklas_Ekstedt","723","48","168","Wed Feb 18 15:38:54 CET 2009","Sun Apr 19 15:38:54 CEST 2009","Thu Jun 18 15:38:54 CEST 2009","Niklas_Ekstedt","sv","Thu Apr 26 22:02:10 CEST 2007","en","Sun Apr 19 15:38:54 CEST 2009"
"5445100","Noomi_Rapace","1500","76","196","Wed Mar 18 19:19:25 CET 2009","Sun May 17 19:19:25 CEST 2009","Thu Jul 16 19:19:25 CEST 2009","Noomi_Rapace","sv","Thu Apr 07 20:37:46 CEST 2005","en","Sun May 17 19:19:25 CEST 2009"
"5443790","Nättraby","1623","50","170","Fri Feb 20 22:15:12 CET 2009","Tue Apr 21 22:15:12 CEST 2009","Sat Jun 20 22:15:12 CEST 2009","Nättraby","sv","Wed Nov 10 13:48:37 CET 2004","en","Tue Apr 21 22:15:12 CEST 2009"
"5445887","Ola_Lindholm","1448","176","296","Fri Jun 26 22:04:06 CEST 2009","Tue Aug 25 22:04:06 CEST 2009","Sat Oct 24 22:04:06 CEST 2009","Ola_Lindholm","sv","Wed Sep 07 20:18:37 CEST 2005","en","Tue Aug 25 22:04:06 CEST 2009"
"7346421","Patrik_Elmander","605","21","141","Thu Jan 22 17:10:33 CET 2009","Mon Mar 23 17:10:33 CET 2009","Fri May 22 17:10:33 CEST 2009","Patrik_Elmander","sv","Fri Jul 27 10:17:58 CEST 2007","en","Mon Mar 23 17:10:33 CET 2009"
"5447882","Per_Myrberg","1492","6","126","Wed Jan 07 11:24:38 CET 2009","Sun Mar 08 11:24:38 CET 2009","Thu May 07 11:24:38 CEST 2009","Per_Myrberg","sv","Fri Feb 04 15:07:01 CET 2005","en","Sun Mar 08 11:24:38 CET 2009"
"5448100","Peter_Dahl","2009","141","261","Fri May 22 16:53:04 CEST 2009","Tue Jul 21 16:53:04 CEST 2009","Sat Sep 19 16:53:04 CEST 2009","Peter_Dahl","sv","Tue Jan 20 09:18:23 CET 2004","en","Tue Jul 21 16:53:04 CEST 2009"
"5448350","Pia_Degermark","1546","146","266","Wed May 27 16:19:31 CEST 2009","Sun Jul 26 16:19:31 CEST 2009","Thu Sep 24 16:19:31 CEST 2009","Pia_Degermark","sv","Sun May 01 20:35:53 CEST 2005","en","Sun Jul 26 16:19:31 CEST 2009"
"7346104","Påskallavik","1505","45","165","Sun Feb 15 14:54:40 CET 2009","Thu Apr 16 14:54:40 CEST 2009","Mon Jun 15 14:54:40 CEST 2009","Påskallavik","sv","Thu Mar 03 01:06:47 CET 2005","en","Thu Apr 16 14:54:40 CEST 2009"
"5450621","Rapport_till_himlen","1169","111","231","Wed Apr 22 19:02:10 CEST 2009","Sun Jun 21 19:02:10 CEST 2009","Thu Aug 20 19:02:10 CEST 2009","Rapport_till_himlen","sv","Sun Apr 09 07:12:58 CEST 2006","en","Sun Jun 21 19:02:10 CEST 2009"
"5450651","Rasmus_Bengtsson","1085","116","236","Mon Apr 27 23:17:04 CEST 2009","Fri Jun 26 23:17:04 CEST 2009","Tue Aug 25 23:17:04 CEST 2009","Rasmus_Bengtsson","sv","Fri Jul 07 14:16:15 CEST 2006","en","Fri Jun 26 23:17:04 CEST 2009"
"7348103","Reftele","1773","66","186","Sun Mar 08 19:20:48 CET 2009","Thu May 07 19:20:48 CEST 2009","Mon Jul 06 19:20:48 CEST 2009","Reftele","sv","Tue Jun 29 17:48:26 CEST 2004","en","Thu May 07 19:20:48 CEST 2009"
"5452141","Rosenlund","1506","48","168","Wed Feb 18 12:56:20 CET 2009","Sun Apr 19 12:56:20 CEST 2009","Thu Jun 18 12:56:20 CEST 2009","Rosenlund","sv","Fri Mar 04 16:04:46 CET 2005","en","Sun Apr 19 12:56:20 CEST 2009"
"7348764","Rottne","1591","48","168","Wed Feb 18 13:41:23 CET 2009","Sun Apr 19 13:41:23 CEST 2009","Thu Jun 18 13:41:23 CEST 2009","Rottne","sv","Thu Dec 09 20:37:06 CET 2004","en","Sun Apr 19 13:41:23 CEST 2009"
"5452209","Rottneros","1526","68","188","Tue Mar 10 01:43:05 CET 2009","Sat May 09 01:43:05 CEST 2009","Wed Jul 08 01:43:05 CEST 2009","Rottneros","sv","Fri Mar 04 16:07:00 CET 2005","en","Sat May 09 01:43:05 CEST 2009"
"5452450","Rydebäck","1653","68","188","Tue Mar 10 14:18:48 CET 2009","Sat May 09 14:18:48 CEST 2009","Wed Jul 08 14:18:48 CEST 2009","Rydebäck","sv","Thu Oct 28 16:28:33 CEST 2004","en","Sat May 09 14:18:48 CEST 2009"
"5450059","Rävlanda","1626","45","165","Sun Feb 15 21:51:47 CET 2009","Thu Apr 16 21:51:47 CEST 2009","Mon Jun 15 21:51:47 CEST 2009","Rävlanda","sv","Tue Nov 02 18:53:23 CET 2004","en","Thu Apr 16 21:51:47 CEST 2009"
"7347667","Råcksta","1498","113","233","Fri Apr 24 21:25:33 CEST 2009","Tue Jun 23 21:25:33 CEST 2009","Sat Aug 22 21:25:33 CEST 2009","Råcksta","sv","Tue May 17 14:37:07 CEST 2005","en","Tue Jun 23 21:25:33 CEST 2009"
"5450169","Rödeby","1623","50","170","Fri Feb 20 22:17:02 CET 2009","Tue Apr 21 22:17:02 CEST 2009","Sat Jun 20 22:17:02 CEST 2009","Rödeby","sv","Wed Nov 10 13:44:32 CET 2004","en","Tue Apr 21 22:17:02 CEST 2009"
"5453481","Sandor_slash_Ida","1522","36","156","Fri Feb 06 20:25:11 CET 2009","Tue Apr 07 20:25:11 CEST 2009","Sat Jun 06 20:25:11 CEST 2009","Sandor_slash_Ida","sv","Fri Feb 04 22:54:05 CET 2005","en","Tue Apr 07 20:25:11 CEST 2009"
"5453888","Schillerstövare","910","18","138","Mon Jan 19 22:59:09 CET 2009","Fri Mar 20 22:59:09 CET 2009","Tue May 19 22:59:09 CEST 2009","Schillerstövare","sv","Fri Sep 22 18:42:33 CEST 2006","en","Fri Mar 20 22:59:09 CET 2009"
"5454319","Seskarö","1809","68","188","Tue Mar 10 01:59:35 CET 2009","Sat May 09 01:59:35 CEST 2009","Wed Jul 08 01:59:35 CEST 2009","Seskarö","sv","Tue May 25 22:38:51 CEST 2004","en","Sat May 09 01:59:35 CEST 2009"
"5454367","Sexdrega","1525","66","186","Sun Mar 08 21:52:23 CET 2009","Thu May 07 21:52:23 CEST 2009","Mon Jul 06 21:52:23 CEST 2009","Sexdrega","sv","Fri Mar 04 16:32:30 CET 2005","en","Thu May 07 21:52:23 CEST 2009"
"5455398","Skelleftehamn","1525","66","186","Sun Mar 08 21:31:17 CET 2009","Thu May 07 21:31:17 CEST 2009","Mon Jul 06 21:31:17 CEST 2009","Skelleftehamn","sv","Fri Mar 04 16:42:46 CET 2005","en","Thu May 07 21:31:17 CEST 2009"
"7350748","Sollebrunn","1655","49","169","Thu Feb 19 12:09:29 CET 2009","Mon Apr 20 12:09:29 CEST 2009","Fri Jun 19 12:09:29 CEST 2009","Sollebrunn","sv","Fri Oct 08 00:15:36 CEST 2004","en","Mon Apr 20 12:09:29 CEST 2009"
"5457116","Sprängaren","1547","114","234","Sat Apr 25 20:19:51 CEST 2009","Wed Jun 24 20:19:51 CEST 2009","Sun Aug 23 20:19:51 CEST 2009","Sprängaren","sv","Wed Mar 30 13:05:05 CEST 2005","en","Wed Jun 24 20:19:51 CEST 2009"
"5457349","Stallarholmen","1506","48","168","Wed Feb 18 11:42:58 CET 2009","Sun Apr 19 11:42:58 CEST 2009","Thu Jun 18 11:42:58 CEST 2009","Stallarholmen","sv","Fri Mar 04 17:01:13 CET 2005","en","Sun Apr 19 11:42:58 CEST 2009"
"5457687","Stenhamra","2328","51","171","Sat Feb 21 20:42:26 CET 2009","Wed Apr 22 20:42:26 CEST 2009","Sun Jun 21 20:42:26 CEST 2009","Stenhamra","sv","Sat Dec 07 18:35:29 CET 2002","en","Wed Apr 22 20:42:26 CEST 2009"
"7351405","Stenstorp","1662","65","185","Sat Mar 07 15:10:28 CET 2009","Wed May 06 15:10:28 CEST 2009","Sun Jul 05 15:10:28 CEST 2009","Stenstorp","sv","Sat Oct 16 17:38:15 CEST 2004","en","Wed May 06 15:10:28 CEST 2009"
"5457899","Stina_Rautelin","1518","167","287","Wed Jun 17 12:22:41 CEST 2009","Sun Aug 16 12:22:41 CEST 2009","Thu Oct 15 12:22:41 CEST 2009","Stina_Rautelin","sv","Sun Jun 19 21:55:19 CEST 2005","en","Sun Aug 16 12:22:41 CEST 2009"
"7351514","Stjärnhov","1640","45","165","Sun Feb 15 20:01:28 CET 2009","Thu Apr 16 20:01:28 CEST 2009","Mon Jun 15 20:01:28 CEST 2009","Stjärnhov","sv","Tue Oct 19 15:30:50 CEST 2004","en","Thu Apr 16 20:01:28 CEST 2009"
"5457964","Stockholm_Marathon_(film)","1747","134","254","Fri May 15 20:44:21 CEST 2009","Tue Jul 14 20:44:21 CEST 2009","Sat Sep 12 20:44:21 CEST 2009","Stockholm_Marathon_(film)","sv","Fri Oct 01 14:47:20 CEST 2004","en","Tue Jul 14 20:44:21 CEST 2009"
"7351578","Stora_Höga","1525","66","186","Sun Mar 08 18:16:58 CET 2009","Thu May 07 18:16:58 CEST 2009","Mon Jul 06 18:16:58 CEST 2009","Stora_Höga","sv","Fri Mar 04 17:07:37 CET 2005","en","Thu May 07 18:16:58 CEST 2009"
"5458103","Stora_Vika","1699","68","188","Tue Mar 10 15:03:06 CET 2009","Sat May 09 15:03:06 CEST 2009","Wed Jul 08 15:03:06 CEST 2009","Stora_Vika","sv","Mon Sep 13 03:04:15 CEST 2004","en","Sat May 09 15:03:06 CEST 2009"
"5457219","Stöde","1525","66","186","Sun Mar 08 20:34:20 CET 2009","Thu May 07 20:34:20 CEST 2009","Mon Jul 06 20:34:20 CEST 2009","Stöde","sv","Fri Mar 04 17:10:24 CET 2005","en","Thu May 07 20:34:20 CEST 2009"
"5458888","Svart_Lucia","1227","113","233","Fri Apr 24 01:46:32 CEST 2009","Tue Jun 23 01:46:32 CEST 2009","Sat Aug 22 01:46:32 CEST 2009","Svart_Lucia","sv","Sat Feb 11 14:27:57 CET 2006","en","Tue Jun 23 01:46:32 CEST 2009"
"5459109","Svensk_uppslagsbok","1887","141","261","Fri May 22 18:01:05 CEST 2009","Tue Jul 21 18:01:05 CEST 2009","Sat Sep 19 18:01:05 CEST 2009","Svensk_uppslagsbok","sv","Fri May 21 12:46:08 CEST 2004","en","Tue Jul 21 18:01:05 CEST 2009"
"5459169","Svenska_Spel","2240","79","199","Sat Mar 21 13:09:55 CET 2009","Wed May 20 13:09:55 CEST 2009","Sun Jul 19 13:09:55 CEST 2009","Svenska_Spel","sv","Wed Apr 02 09:56:43 CEST 2003","en","Wed May 20 13:09:55 CEST 2009"
"5458840","Svärdsjö","2338","67","187","Mon Mar 09 21:19:13 CET 2009","Fri May 08 21:19:13 CEST 2009","Tue Jul 07 21:19:13 CEST 2009","Svärdsjö","sv","Fri Dec 13 02:22:49 CET 2002","en","Fri May 08 21:19:13 CEST 2009"
"5452630","Sågmyra","1642","45","165","Sun Feb 15 19:33:36 CET 2009","Thu Apr 16 19:33:36 CEST 2009","Mon Jun 15 19:33:36 CEST 2009","Sågmyra","sv","Sun Oct 17 18:51:52 CEST 2004","en","Thu Apr 16 19:33:36 CEST 2009"
"5452663","Söderfors","2338","48","168","Wed Feb 18 12:47:20 CET 2009","Sun Apr 19 12:47:20 CEST 2009","Thu Jun 18 12:47:20 CEST 2009","Söderfors","sv","Sat Nov 23 16:19:27 CET 2002","en","Sun Apr 19 12:47:20 CEST 2009"
"5452680","Södermanlands-Nerikes_nation","1720","17","137","Sun Jan 18 20:02:36 CET 2009","Thu Mar 19 20:02:36 CET 2009","Mon May 18 20:02:36 CEST 2009","Södermanlands-Nerikes_nation","sv","Sat Jul 03 04:48:07 CEST 2004","en","Thu Mar 19 20:02:36 CET 2009"
"5452716","Södra_skånska_regementet","1399","90","210","Thu Apr 02 00:16:39 CEST 2009","Mon Jun 01 00:16:39 CEST 2009","Fri Jul 31 00:16:39 CEST 2009","Södra_skånska_regementet","sv","Mon Aug 01 01:31:56 CEST 2005","en","Mon Jun 01 00:16:39 CEST 2009"
"5460240","Tavelsjö","2301","67","187","Mon Mar 09 20:23:41 CET 2009","Fri May 08 20:23:41 CEST 2009","Tue Jul 07 20:23:41 CEST 2009","Tavelsjö","sv","Sun Jan 19 18:44:31 CET 2003","en","Fri May 08 20:23:41 CEST 2009"
"5461299","Thomas_Möller","1105","20","140","Wed Jan 21 13:26:30 CET 2009","Sun Mar 22 13:26:30 CET 2009","Thu May 21 13:26:30 CEST 2009","Thomas_Möller","sv","Sun Mar 12 17:17:35 CET 2006","en","Sun Mar 22 13:26:30 CET 2009"
"5461603","Tingsrätt","1788","46","166","Mon Feb 16 11:55:55 CET 2009","Fri Apr 17 11:55:55 CEST 2009","Tue Jun 16 11:55:55 CEST 2009","Tingsrätt","sv","Tue May 25 06:26:43 CEST 2004","en","Fri Apr 17 11:55:55 CEST 2009"
"5461806","Toivo_Pawlo","1547","51","171","Sat Feb 21 10:55:15 CET 2009","Wed Apr 22 10:55:15 CEST 2009","Sun Jun 21 10:55:15 CEST 2009","Toivo_Pawlo","sv","Tue Jan 25 18:54:49 CET 2005","en","Wed Apr 22 10:55:15 CEST 2009"
"5462071","Top_Model","1457","75","195","Tue Mar 17 18:16:39 CET 2009","Sat May 16 18:16:39 CEST 2009","Wed Jul 15 18:16:39 CEST 2009","Top_Model","sv","Fri May 20 12:00:52 CEST 2005","en","Sat May 16 18:16:39 CEST 2009"
"5462095","Tor_Isedal","1637","51","171","Sat Feb 21 10:44:38 CET 2009","Wed Apr 22 10:44:38 CEST 2009","Sun Jun 21 10:44:38 CEST 2009","Tor_Isedal","sv","Wed Oct 27 12:27:07 CEST 2004","en","Wed Apr 22 10:44:38 CEST 2009"
"5462176","Torpa_stenhus","2221","127","247","Fri May 08 15:58:21 CEST 2009","Tue Jul 07 15:58:21 CEST 2009","Sat Sep 05 15:58:21 CEST 2009","Torpa_stenhus","sv","Sat Jun 07 19:29:26 CEST 2003","en","Tue Jul 07 15:58:21 CEST 2009"
"7353587","Trängregementet","1397","93","213","Sat Apr 04 14:37:40 CEST 2009","Wed Jun 03 14:37:40 CEST 2009","Sun Aug 02 14:37:40 CEST 2009","Trängregementet","sv","Sat Aug 06 00:40:08 CEST 2005","en","Wed Jun 03 14:37:40 CEST 2009"
"5463154","Tygelsjö","1504","47","167","Tue Feb 17 09:43:51 CET 2009","Sat Apr 18 09:43:51 CEST 2009","Wed Jun 17 09:43:51 CEST 2009","Tygelsjö","sv","Sat Mar 05 14:30:46 CET 2005","en","Sat Apr 18 09:43:51 CEST 2009"
"5464701","Van_Veeteren","1191","148","268","Fri May 29 11:50:34 CEST 2009","Tue Jul 28 11:50:34 CEST 2009","Sat Sep 26 11:50:34 CEST 2009","Van_Veeteren","sv","Sun Apr 23 17:29:26 CEST 2006","en","Tue Jul 28 11:50:34 CEST 2009"
"5465303","Vikingstad","1640","66","186","Sun Mar 08 20:54:42 CET 2009","Thu May 07 20:54:42 CEST 2009","Mon Jul 06 20:54:42 CEST 2009","Vikingstad","sv","Tue Nov 09 14:32:27 CET 2004","en","Thu May 07 20:54:42 CEST 2009"
"5465429","Vincent_Pontare","602","103","223","Tue Apr 14 21:04:53 CEST 2009","Sat Jun 13 21:04:53 CEST 2009","Wed Aug 12 21:04:53 CEST 2009","Vincent_Pontare","sv","Fri Oct 19 21:20:43 CEST 2007","en","Sat Jun 13 21:04:53 CEST 2009"
"5465653","Vittsjö","1602","23","143","Sat Jan 24 06:13:57 CET 2009","Wed Mar 25 06:13:57 CET 2009","Sun May 24 06:13:57 CEST 2009","Vittsjö","sv","Wed Nov 03 12:27:19 CET 2004","en","Wed Mar 25 06:13:57 CET 2009"
"7355262","Vollsjö","1747","45","165","Sun Feb 15 14:34:28 CET 2009","Thu Apr 16 14:34:28 CEST 2009","Mon Jun 15 14:34:28 CEST 2009","Vollsjö","sv","Sun Jul 04 00:13:30 CEST 2004","en","Thu Apr 16 14:34:28 CEST 2009"
"5464022","Vä","1806","121","241","Sat May 02 12:30:03 CEST 2009","Wed Jul 01 12:30:03 CEST 2009","Sun Aug 30 12:30:03 CEST 2009","Vä","sv","Wed Jul 21 00:01:20 CEST 2004","en","Wed Jul 01 12:30:03 CEST 2009"
"7354389","Välkommen_till_förorten","536","10","130","Sun Jan 11 13:39:57 CET 2009","Thu Mar 12 13:39:57 CET 2009","Mon May 11 13:39:57 CEST 2009","Välkommen_till_förorten","sv","Sat Sep 22 20:48:46 CEST 2007","en","Thu Mar 12 13:39:57 CET 2009"
"5464402","Vålberg","1633","66","186","Sun Mar 08 17:42:24 CET 2009","Thu May 07 17:42:24 CEST 2009","Mon Jul 06 17:42:24 CEST 2009","Vålberg","sv","Mon Nov 15 23:05:11 CET 2004","en","Thu May 07 17:42:24 CEST 2009"
"7355894","Ytterhogdal","1629","48","168","Wed Feb 18 12:21:30 CET 2009","Sun Apr 19 12:21:30 CEST 2009","Thu Jun 18 12:21:30 CEST 2009","Ytterhogdal","sv","Mon Nov 01 21:17:25 CET 2004","en","Sun Apr 19 12:21:30 CEST 2009"
"5399263","Åke_Holmberg","2406","123","243","Mon May 04 12:40:36 CEST 2009","Fri Jul 03 12:40:36 CEST 2009","Tue Sep 01 12:40:36 CEST 2009","Åke_Holmberg","sv","Sun Dec 01 10:00:22 CET 2002","en","Fri Jul 03 12:40:36 CEST 2009"
"5399282","Åkers_styckebruk","1527","67","187","Mon Mar 09 13:37:37 CET 2009","Fri May 08 13:37:37 CEST 2009","Tue Jul 07 13:37:37 CEST 2009","Åkers_styckebruk","sv","Thu Mar 03 00:59:40 CET 2005","en","Fri May 08 13:37:37 CEST 2009"
"5399602","Örsundsbro","1650","51","171","Sat Feb 21 20:55:13 CET 2009","Wed Apr 22 20:55:13 CEST 2009","Sun Jun 21 20:55:13 CEST 2009","Örsundsbro","sv","Fri Oct 15 13:20:12 CEST 2004","en","Wed Apr 22 20:55:13 CEST 2009"
"5399626","Österbybruk","1562","66","186","Sun Mar 08 21:37:49 CET 2009","Thu May 07 21:37:49 CEST 2009","Mon Jul 06 21:37:49 CEST 2009","Österbybruk","sv","Tue Jan 25 22:02:52 CET 2005","en","Thu May 07 21:37:49 CEST 2009"
"5399661","Östervåla","1632","46","166","Mon Feb 16 10:52:10 CET 2009","Fri Apr 17 10:52:10 CEST 2009","Tue Jun 16 10:52:10 CEST 2009","Östervåla","sv","Thu Oct 28 00:34:21 CEST 2004","en","Fri Apr 17 10:52:10 CEST 2009"
