Source	Target	lSource	lTarget	uniqueIdWikiDEST	uniqueIdWikiDEST	wikiSRC	wikiTarget	iwl	direct	cnID1	2	Leuna	Amtlicher Gemeindeschlüssel	1	1	de	de	0	1	1
1	3	Leuna	Arbeitersiedlung	1	1	de	de	0	1	1
1	4	Leuna	BASF	1	1	de	de	0	1	1
1	5	Leuna	Bad Dürrenberg	1	1	de	de	0	1	1
1	6	Leuna	Bad Lauchstädt	1	1	de	de	0	1	1
1	7	Leuna	Bahnstrecke Leipzig-Merseburg	1	1	de	de	0	1	1
1	8	Leuna	Bahnstrecke Merseburg–Leipzig	1	1	de	de	0	1	1
1	9	Leuna	Barnstädt	1	1	de	de	0	1	1
1	10	Leuna	Bernd Bobrich	1	1	de	de	0	1	1
1	11	Leuna	Birger Priddat	1	1	de	de	0	1	1
1	12	Leuna	Blasonierung	1	1	de	de	0	1	1
1	13	Leuna	Braunsbedra	1	1	de	de	0	1	1
1	14	Leuna	Bundesautobahn	1	1	de	de	0	1	1
1	15	Leuna	Bundesautobahn 38	1	1	de	de	0	1	1
1	16	Leuna	Bundesstraße	1	1	de	de	0	1	1
1	17	Leuna	Bundesstraße 91	1	1	de	de	0	1	1
1	18	Leuna	Burgenlandkreis	1	1	de	de	0	1	1
1	19	Leuna	Bürgermeister	1	1	de	de	0	1	1
1	20	Leuna	Chemie	1	1	de	de	0	1	1
1	21	Leuna	Christian August Crusius	1	1	de	de	0	1	1
1	22	Leuna	Christina Lehmann	1	1	de	de	0	1	1
1	23	Leuna	Christlich Demokratische Union Deutschlands	1	1	de	de	0	1	1
1	24	Leuna	Daspig	1	1	de	de	0	1	1
1	25	Leuna	Die Linke	1	1	de	de	0	1	1
1	26	Leuna	Dow Olefinverbund	1	1	de	de	0	1	1
1	27	Leuna	Dölkau	1	1	de	de	0	1	1
1	28	Leuna	Einheitsgemeinde	1	1	de	de	0	1	1
1	29	Leuna	Farnstädt	1	1	de	de	0	1	1
1	30	Leuna	Freie Demokratische Partei	1	1	de	de	0	1	1
1	31	Leuna	Friedensdorf (Leuna)	1	1	de	de	0	1	1
1	32	Leuna	Gasolin (Tankstellenkette)	1	1	de	de	0	1	1
1	33	Leuna	Grabbeigabe	1	1	de	de	0	1	1
1	34	Leuna	Göhlitzsch	1	1	de	de	0	1	1
1	35	Leuna	Göhren (Leuna)	1	1	de	de	0	1	1
1	36	Leuna	Günthersdorf	1	1	de	de	0	1	1
1	37	Leuna	Halle (Saale)	1	1	de	de	0	1	1
1	38	Leuna	Hallesche Verkehrs-AG	1	1	de	de	0	1	1
1	39	Leuna	Haßleben-Leuna-Gruppe	1	1	de	de	0	1	1
1	40	Leuna	Horburg-Maßlau	1	1	de	de	0	1	1
1	41	Leuna	Höhe über dem Meeresspiegel	1	1	de	de	0	1	1
1	42	Leuna	InfraLeuna	1	1	de	de	0	1	1
1	43	Leuna	Jungsteinzeit	1	1	de	de	0	1	1
1	44	Leuna	Kabelsketal	1	1	de	de	0	1	1
1	45	Leuna	Karin Stempel	1	1	de	de	0	1	1
1	46	Leuna	Katasterfläche	1	1	de	de	0	1	1
1	47	Leuna	Kfz-Kennzeichen (Deutschland)	1	1	de	de	0	1	1
1	48	Leuna	Klaus Arnold (Historiker)	1	1	de	de	0	1	1
1	49	Leuna	Kreypau	1	1	de	de	0	1	1
1	50	Leuna	Kriegsgefangene	1	1	de	de	0	1	1
1	51	Leuna	Kröllwitz (Leuna)	1	1	de	de	0	1	1
1	52	Leuna	Kötschlitz	1	1	de	de	0	1	1
1	53	Leuna	Kötzschau	1	1	de	de	0	1	1
1	54	Leuna	Landkreis Anhalt-Bitterfeld	1	1	de	de	0	1	1
1	55	Leuna	Landkreis Leipzig	1	1	de	de	0	1	1
1	56	Leuna	Landkreis Mansfeld-Südharz	1	1	de	de	0	1	1
1	57	Leuna	Landsberg (Saalekreis)	1	1	de	de	0	1	1
1	58	Leuna	Leipzig	1	1	de	de	0	1	1
1	1	Leuna	Leuna	1	1	de	de	0	1	1
1	59	Leuna	Leuna-Affäre	1	1	de	de	0	1	1
1	60	Leuna	Leuna-Werke	1	1	de	de	0	1	1
1	61	Leuna	Leunawerke	1	1	de	de	0	1	1
1	62	Leuna	Linde AG	1	1	de	de	0	1	1
1	63	Leuna	Markranstädt	1	1	de	de	0	1	1
1	64	Leuna	Merseburg	1	1	de	de	0	1	1
1	65	Leuna	Märzkämpfe in Mitteldeutschland	1	1	de	de	0	1	1
1	66	Leuna	Möritzsch	1	1	de	de	0	1	1
1	67	Leuna	Mücheln (Geiseltal)	1	1	de	de	0	1	1
1	68	Leuna	Nemsdorf-Göhrendorf	1	1	de	de	0	1	1
1	69	Leuna	Nordrhein-Westfalen	1	1	de	de	0	1	1
1	70	Leuna	Nordsachsen	1	1	de	de	0	1	1
1	71	Leuna	Obhausen	1	1	de	de	0	1	1
1	72	Leuna	Ockendorf	1	1	de	de	0	1	1
1	73	Leuna	Petersberg (Saalekreis)	1	1	de	de	0	1	1
1	74	Leuna	Pissen (Leuna)	1	1	de	de	0	1	1
1	75	Leuna	Plastik-Park Leuna	1	1	de	de	0	1	1
1	76	Leuna	Postleitzahl (Deutschland)	1	1	de	de	0	1	1
1	77	Leuna	Querfurt	1	1	de	de	0	1	1
1	78	Leuna	Rampitz	1	1	de	de	0	1	1
1	79	Leuna	Rodden	1	1	de	de	0	1	1
1	80	Leuna	Rössen	1	1	de	de	0	1	1
1	81	Leuna	Rössener Kultur	1	1	de	de	0	1	1
1	82	Leuna	Saale	1	1	de	de	0	1	1
1	83	Leuna	Saalekreis	1	1	de	de	0	1	1
1	84	Leuna	Sachsen	1	1	de	de	0	1	1
1	85	Leuna	Sachsen-Anhalt	1	1	de	de	0	1	1
1	86	Leuna	Salzatal	1	1	de	de	0	1	1
1	87	Leuna	Salzlandkreis	1	1	de	de	0	1	1
1	88	Leuna	Schkeuditz	1	1	de	de	0	1	1
1	89	Leuna	Schkopau	1	1	de	de	0	1	1
1	90	Leuna	Schladebach (Leuna)	1	1	de	de	0	1	1
1	91	Leuna	Schraplau	1	1	de	de	0	1	1
1	92	Leuna	Sozialdemokratische Partei Deutschlands	1	1	de	de	0	1	1
1	93	Leuna	Spergau	1	1	de	de	0	1	1
1	94	Leuna	Statt Partei	1	1	de	de	0	1	1
1	95	Leuna	Steigra	1	1	de	de	0	1	1
1	96	Leuna	Straßenbahnstrecke Halle-Ammendorf–Bad Dürrenberg	1	1	de	de	0	1	1
1	97	Leuna	Telefonvorwahl (Deutschland)	1	1	de	de	0	1	1
1	98	Leuna	Teutschenthal	1	1	de	de	0	1	1
1	99	Leuna	Thalschütz	1	1	de	de	0	1	1
1	100	Leuna	Thüringen	1	1	de	de	0	1	1
1	101	Leuna	Thüringer Bahn	1	1	de	de	0	1	1
1	102	Leuna	Total (Unternehmen)	1	1	de	de	0	1	1
1	103	Leuna	Verwaltungsgemeinschaft Leuna-Kötzschau	1	1	de	de	0	1	1
1	104	Leuna	Wappen der Stadt Leuna	1	1	de	de	0	1	1
1	105	Leuna	Weißenfels	1	1	de	de	0	1	1
1	106	Leuna	Wesseling	1	1	de	de	0	1	1
1	107	Leuna	Wettin-Löbejün	1	1	de	de	0	1	1
1	108	Leuna	Wisag	1	1	de	de	0	1	1
1	109	Leuna	Witzschersdorf	1	1	de	de	0	1	1
1	110	Leuna	Wolfram Adolphi	1	1	de	de	0	1	1
1	111	Leuna	Wölkau (Leuna)	1	1	de	de	0	1	1
1	112	Leuna	Wüsteneutzsch	1	1	de	de	0	1	1
1	113	Leuna	Zeitz	1	1	de	de	0	1	1
1	114	Leuna	Zscherneddel	1	1	de	de	0	1	1
1	115	Leuna	Zschöchergen	1	1	de	de	0	1	1
1	116	Leuna	Zwangsarbeit	1	1	de	de	0	1	1
1	117	Leuna	Zweimen	1	1	de	de	0	1	1
1	118	Leuna	Zweiter Weltkrieg	1	1	de	de	0	1	1
1	119	Leuna	Zöschen	1	1	de	de	0	1	1
1	120	Leuna	Wikipedia:WikiProjekt Kommunen und Landkreise in Deutschland/Einwohnerzahlen	1	1	de	de	0	1	1
1	121	Leuna	Vorlage:Imagemap Landkreis Saalekreis	1	1	de	de	0	1	1
1	122	Leuna	Kategorie:Gemeinde in Sachsen-Anhalt	1	1	de	de	0	1	1
1	123	Leuna	Kategorie:Landkreis Saalekreis	1	1	de	de	0	1	1
1	124	Leuna	Kategorie:Leuna	1	1	de	de	0	1	1
1	125	Leuna	Kategorie:Saalekreis	1	1	de	de	0	1	1
1	126	Leuna	Leuna	1	2	de	fr	1	0	1
1	127	Leuna	لوینا	1	3	de	fa	1	0	1
1	128	Leuna	Leuna	1	4	de	eo	1	0	1
1	129	Leuna	Leuna	1	5	de	en	1	0	1
1	130	Leuna	Leuna	1	6	de	es	1	0	1
1	131	Leuna	Leuna	1	7	de	da	1	0	1
1	132	Leuna	Лойна	1	8	de	ba	1	0	1
1	133	Leuna	Leuna	1	9	de	pl	1	0	1
1	134	Leuna	Лојна	1	10	de	mk	1	0	1
1	135	Leuna	Leuna	1	11	de	ms	1	0	1
1	136	Leuna	Leuna	1	12	de	nl	1	0	1
1	137	Leuna	Leuna	1	13	de	la	1	0	1
1	138	Leuna	Leuna	1	14	de	war	1	0	1
1	139	Leuna	Leuna	1	15	de	it	1	0	1
1	140	Leuna	Leuna	1	16	de	vi	1	0	1
1	141	Leuna	Leuna	1	17	de	vo	1	0	1
1	142	Leuna	Leuna	1	18	de	uz	1	0	1
1	143	Leuna	Leuna	1	19	de	sv	1	0	1
1	144	Leuna	Лојна	1	20	de	sr	1	0	1
1	145	Leuna	Лойна	1	21	de	ru	1	0	1
1	146	Leuna	Leuna	1	22	de	ro	1	0	1
1	147	Leuna	洛伊纳	1	23	de	zh	1	0	1
148	149	Leuna	Affaire Leuna	2	2	fr	fr	0	1	1
148	150	Leuna	Allemagne	2	2	fr	fr	0	1	1
148	151	Leuna	Anglais	2	2	fr	fr	0	1	1
148	152	Leuna	Arrondissement de Saale	2	2	fr	fr	0	1	1
148	153	Leuna	Bombardements stratégiques alliés contre les ressources pétrolières de l'Axe	2	2	fr	fr	0	1	1
148	154	Leuna	Chimie industrielle	2	2	fr	fr	0	1	1
148	155	Leuna	Eighth Air Force	2	2	fr	fr	0	1	1
148	156	Leuna	Halle (Saxe-Anhalt)	2	2	fr	fr	0	1	1
148	157	Leuna	Kilomètre carré	2	2	fr	fr	0	1	1
148	158	Leuna	Matière plastique	2	2	fr	fr	0	1	1
148	159	Leuna	Mersebourg	2	2	fr	fr	0	1	1
148	160	Leuna	Royal Air Force	2	2	fr	fr	0	1	1
148	161	Leuna	Saxe-Anhalt	2	2	fr	fr	0	1	1
148	162	Leuna	Taux de chômage	2	2	fr	fr	0	1	1
148	163	Leuna	Ville	2	2	fr	fr	0	1	1
148	164	Leuna	Discussion:Leuna/À faire	2	2	fr	fr	0	1	1
148	165	Leuna	Modèle:Ébauche/paramètres Allemagne	2	2	fr	fr	0	1	1
148	166	Leuna	Modèle:Ébauche/paramètres géographie	2	2	fr	fr	0	1	1
148	167	Leuna	Aide:Comment modifier une page	2	2	fr	fr	0	1	1
148	168	Leuna	Aide:Ébauche	2	2	fr	fr	0	1	1
148	169	Leuna	Catégorie:Portail:Allemagne/Articles liés	2	2	fr	fr	0	1	1
148	170	Leuna	Catégorie:Portail:Géographie/Articles liés	2	2	fr	fr	0	1	1
148	171	Leuna	Portail:Allemagne	2	2	fr	fr	0	1	1
148	172	Leuna	Portail:Géographie	2	2	fr	fr	0	1	1
148	173	Leuna	Projet:Accueil	2	2	fr	fr	0	1	1
174	175	لوینا	Leuna-Kötzschau	3	3	fa	fa	0	1	1
174	176	لوینا	Leuna-Kötzschau (Verwaltungsgemeinschaft)	3	3	fa	fa	0	1	1
174	177	لوینا	Saalekreis	3	3	fa	fa	0	1	1
174	178	لوینا	Saalekreis (district)	3	3	fa	fa	0	1	1
174	179	لوینا	Statistisches Landesamt Sachsen-Anhalt	3	3	fa	fa	0	1	1
174	180	لوینا	Verwaltungsgemeinschaft	3	3	fa	fa	0	1	1
174	181	لوینا	آرناشتاین، زاکسن-آنهالت	3	3	fa	fa	0	1	1
174	182	لوینا	آرن‌برگ	3	3	fa	fa	0	1	1
174	183	لوینا	آشرزلبن	3	3	fa	fa	0	1	1
174	184	لوینا	آلسلبن (ساله)	3	3	fa	fa	0	1	1
174	185	لوینا	آلمان	3	3	fa	fa	0	1	1
174	186	لوینا	آل‌اشتد	3	3	fa	fa	0	1	1
174	187	لوینا	آنابورگ	3	3	fa	fa	0	1	1
174	188	لوینا	آکن	3	3	fa	fa	0	1	1
174	189	لوینا	آیسلبن	3	3	fa	fa	0	1	1
174	190	لوینا	ائبیسفلده-وفرلینگن	3	3	fa	fa	0	1	1
174	191	لوینا	ارانینباوم-وورلیتس	3	3	fa	fa	0	1	1
174	192	لوینا	ارندزی	3	3	fa	fa	0	1	1
174	193	لوینا	استربورگ (آلتمارک)	3	3	fa	fa	0	1	1
174	194	لوینا	استرفلد (بای ناومبورگ)	3	3	fa	fa	0	1	1
174	195	لوینا	اشتاسفورت	3	3	fa	fa	0	1	1
174	196	لوینا	اشتندال	3	3	fa	fa	0	1	1
174	197	لوینا	اشتندل	3	3	fa	fa	0	1	1
174	198	لوینا	اشتوسن	3	3	fa	fa	0	1	1
174	199	لوینا	اوبرهارز آم بروکن	3	3	fa	fa	0	1	1
174	200	لوینا	اوکسرزلبن (بده)	3	3	fa	fa	0	1	1
174	201	لوینا	اویترویک	3	3	fa	fa	0	1	1
174	202	لوینا	اکارتسبرگ	3	3	fa	fa	0	1	1
174	203	لوینا	اگلن	3	3	fa	fa	0	1	1
174	204	لوینا	ایالت‌های آلمان	3	3	fa	fa	0	1	1
174	205	لوینا	باد اشمیدبرگ	3	3	fa	fa	0	1	1
174	206	لوینا	باد بیبرا	3	3	fa	fa	0	1	1
174	207	لوینا	باد دورنبرگ	3	3	fa	fa	0	1	1
174	208	لوینا	باد لواخ‌اشتت	3	3	fa	fa	0	1	1
174	209	لوینا	باربی (الب)	3	3	fa	fa	0	1	1
174	210	لوینا	بالن‌اشتات	3	3	fa	fa	0	1	1
174	211	لوینا	برن بورگ	3	3	fa	fa	0	1	1
174	212	لوینا	برنبورگ	3	3	fa	fa	0	1	1
174	213	لوینا	بروانزبردا	3	3	fa	fa	0	1	1
174	214	لوینا	بلنکنبورگ (هارتس)	3	3	fa	fa	0	1	1
174	215	لوینا	بورگ بای ماگدبورگ	3	3	fa	fa	0	1	1
174	216	لوینا	بیترفلد-ولفن	3	3	fa	fa	0	1	1
174	217	لوینا	بیسمارک (آلتمارک)	3	3	fa	fa	0	1	1
174	218	لوینا	تاله	3	3	fa	fa	0	1	1
174	219	لوینا	تانگرمونده	3	3	fa	fa	0	1	1
174	220	لوینا	تانگرهوته	3	3	fa	fa	0	1	1
174	221	لوینا	تسایتز	3	3	fa	fa	0	1	1
174	222	لوینا	تسبرست	3	3	fa	fa	0	1	1
174	223	لوینا	تسوربیرگ	3	3	fa	fa	0	1	1
174	224	لوینا	تویشرن	3	3	fa	fa	0	1	1
174	225	لوینا	دسائو	3	3	fa	fa	0	1	1
174	226	لوینا	دستگاه مختصات جغرافیایی	3	3	fa	fa	0	1	1
174	227	لوینا	دسوا-رسلا	3	3	fa	fa	0	1	1
174	228	لوینا	راگون-یسنیتس	3	3	fa	fa	0	1	1
174	229	لوینا	زالتسودل	3	3	fa	fa	0	1	1
174	230	لوینا	زانداو (الب)	3	3	fa	fa	0	1	1
174	231	لوینا	زاندرزدوف-برنا	3	3	fa	fa	0	1	1
174	232	لوینا	زاکسن-آنهالت	3	3	fa	fa	0	1	1
174	233	لوینا	زبان آلمانی	3	3	fa	fa	0	1	1
174	234	لوینا	زمان اروپای مرکزی	3	3	fa	fa	0	1	1
174	235	لوینا	زمان تابستانی اروپای مرکزی	3	3	fa	fa	0	1	1
174	236	لوینا	زودلیشس آنهالت	3	3	fa	fa	0	1	1
174	237	لوینا	زی‌لند، آلمان	3	3	fa	fa	0	1	1
174	238	لوینا	زی‌هاوزن (آلتمارک)	3	3	fa	fa	0	1	1
174	239	لوینا	شراپلاو	3	3	fa	fa	0	1	1
174	240	لوینا	شهردار	3	3	fa	fa	0	1	1
174	241	لوینا	شهرستان	3	3	fa	fa	0	1	1
174	242	لوینا	شواننبک	3	3	fa	fa	0	1	1
174	243	لوینا	شونبک	3	3	fa	fa	0	1	1
174	244	لوینا	فالکن‌اشتاین/هارز	3	3	fa	fa	0	1	1
174	245	لوینا	فریبورگ (اون‌اشتروت)	3	3	fa	fa	0	1	1
174	246	لوینا	فهرست شهرهای آلمان	3	3	fa	fa	0	1	1
174	247	لوینا	فهرست پلاک‌های خودرو در آلمان	3	3	fa	fa	0	1	1
174	248	لوینا	فهرست کدهای پستی در آلمان	3	3	fa	fa	0	1	1
174	249	لوینا	لاوخا آن در اوتراشتوت	3	3	fa	fa	0	1	1
174	250	لوینا	لبیون-وتین	3	3	fa	fa	0	1	1
174	251	لوینا	لندزبرگ، زاکسن-آنهالت	3	3	fa	fa	0	1	1
174	252	لوینا	لوتسن	3	3	fa	fa	0	1	1
174	253	لوینا	مانزفیلد	3	3	fa	fa	0	1	1
174	254	لوینا	ماگدبورگ	3	3	fa	fa	0	1	1
174	255	لوینا	مبرا	3	3	fa	fa	0	1	1
174	256	لوینا	مرسبورگ	3	3	fa	fa	0	1	1
174	257	لوینا	منطقه زمانی	3	3	fa	fa	0	1	1
174	258	لوینا	موشلن (گایزلتال)	3	3	fa	fa	0	1	1
174	259	لوینا	موکرن	3	3	fa	fa	0	1	1
174	260	لوینا	ناومبورگ	3	3	fa	fa	0	1	1
174	261	لوینا	نینبورگ (زاله)	3	3	fa	fa	0	1	1
174	262	لوینا	هارتسگروده	3	3	fa	fa	0	1	1
174	263	لوینا	هالبراشتات	3	3	fa	fa	0	1	1
174	264	لوینا	هالدنسلبن	3	3	fa	fa	0	1	1
174	265	لوینا	هاله (شهر)	3	3	fa	fa	0	1	1
174	266	لوینا	هاولبرگ	3	3	fa	fa	0	1	1
174	267	لوینا	هت‌اشتت	3	3	fa	fa	0	1	1
174	268	لوینا	هوهنمولزن	3	3	fa	fa	0	1	1
174	269	لوینا	هکلینگن	3	3	fa	fa	0	1	1
174	270	لوینا	وانزلبن-وورده	3	3	fa	fa	0	1	1
174	271	لوینا	وایسنفلز	3	3	fa	fa	0	1	1
174	272	لوینا	وربن (الب)	3	3	fa	fa	0	1	1
174	273	لوینا	ورنیگه‌روده	3	3	fa	fa	0	1	1
174	274	لوینا	ولمیراشتت	3	3	fa	fa	0	1	1
174	275	لوینا	وگلبن	3	3	fa	fa	0	1	1
174	276	لوینا	ویتنبرگ	3	3	fa	fa	0	1	1
174	277	لوینا	ویتنبرگه	3	3	fa	fa	0	1	1
174	278	لوینا	پیش‌شماره‌ها در آلمان	3	3	fa	fa	0	1	1
174	279	لوینا	کالبه (زاله)	3	3	fa	fa	0	1	1
174	280	لوینا	کالبه (میلده)	3	3	fa	fa	0	1	1
174	281	لوینا	کرپن‌اشتت	3	3	fa	fa	0	1	1
174	282	لوینا	کسویگ (آنهالت)	3	3	fa	fa	0	1	1
174	283	لوینا	کلبرا (کیفرهویزر)	3	3	fa	fa	0	1	1
174	284	لوینا	کلوتزه	3	3	fa	fa	0	1	1
174	285	لوینا	کمبرگ	3	3	fa	fa	0	1	1
174	286	لوینا	کوئدلیندبورگ	3	3	fa	fa	0	1	1
174	287	لوینا	کوئرفورت	3	3	fa	fa	0	1	1
174	288	لوینا	کوتن	3	3	fa	fa	0	1	1
174	289	لوینا	کونرن	3	3	fa	fa	0	1	1
174	290	لوینا	گراده‌لگن	3	3	fa	fa	0	1	1
174	291	لوینا	گرب‌اشتت	3	3	fa	fa	0	1	1
174	292	لوینا	گرفنهاینیشن	3	3	fa	fa	0	1	1
174	293	لوینا	گریننگن	3	3	fa	fa	0	1	1
174	294	لوینا	گمرن	3	3	fa	fa	0	1	1
174	295	لوینا	گنتین	3	3	fa	fa	0	1	1
174	296	لوینا	گوشتن	3	3	fa	fa	0	1	1
174	297	لوینا	یریشو	3	3	fa	fa	0	1	1
174	298	لوینا	یسن (الشتر)	3	3	fa	fa	0	1	1
174	299	لوینا	یوتی‌سی ۱:۰۰+	3	3	fa	fa	0	1	1
174	300	لوینا	یوتی‌سی ۲:۰۰+	3	3	fa	fa	0	1	1
174	301	لوینا	ویکی‌پدیا:مقالهٔ خرد	3	3	fa	fa	0	1	1
174	302	لوینا	الگو:Imagemap Germany district	3	3	fa	fa	0	1	1
174	303	لوینا	الگو:آلمان-خرد	3	3	fa	fa	0	1	1
174	304	لوینا	الگو:شهرها و شهرک‌های زاکسن-آنهالت	3	3	fa	fa	0	1	1
174	305	لوینا	بحث الگو:آلمان-خرد	3	3	fa	fa	0	1	1
174	306	لوینا	بحث الگو:شهرها و شهرک‌های زاکسن-آنهالت	3	3	fa	fa	0	1	1
307	308	Leuna	2005	4	4	eo	eo	0	1	1
307	309	Leuna	Distrikto (Germanio)	4	4	eo	eo	0	1	1
307	310	Leuna	Distrikto Merseburg-Querfurt	4	4	eo	eo	0	1	1
307	311	Leuna	Federacia lando (Germanio)	4	4	eo	eo	0	1	1
307	312	Leuna	Geografia koordinata sistemo	4	4	eo	eo	0	1	1
307	313	Leuna	Germanio	4	4	eo	eo	0	1	1
307	314	Leuna	Komunumaro (Germanio)	4	4	eo	eo	0	1	1
307	315	Leuna	Marnivelo	4	4	eo	eo	0	1	1
307	316	Leuna	Oficiala kodo (Germanio)	4	4	eo	eo	0	1	1
307	317	Leuna	Poŝtkodo	4	4	eo	eo	0	1	1
307	318	Leuna	Saksio-Anhalto	4	4	eo	eo	0	1	1
307	319	Leuna	Telefona antaŭkodo	4	4	eo	eo	0	1	1
307	320	Leuna	Urborajto	4	4	eo	eo	0	1	1
307	321	Leuna	Verwaltungsgemeinschaft Leuna-Kötzschau	4	4	eo	eo	0	1	1
307	322	Leuna	Vikipedio:Informkestoj	4	4	eo	eo	0	1	1
307	323	Leuna	Vikipedio:La perfekta ĝermo de artikolo	4	4	eo	eo	0	1	1
307	324	Leuna	Vikipedio:Trovi aŭ kreskigi ĝermojn	4	4	eo	eo	0	1	1
307	325	Leuna	Ŝablono:Informkesto germania komunumo	4	4	eo	eo	0	1	1
307	326	Leuna	Ŝablono:Situo sur mapo/korektado/DMS	4	4	eo	eo	0	1	1
307	327	Leuna	Ŝablono-Diskuto:Informkesto germania komunumo	4	4	eo	eo	0	1	1
328	329	Leuna	88 mm gun	5	5	en	en	0	1	1
328	330	Leuna	Air University (United States Air Force)	5	5	en	en	0	1	1
328	331	Leuna	Albert Speer	5	5	en	en	0	1	1
328	332	Leuna	Amines	5	5	en	en	0	1	1
328	333	Leuna	Ammonia	5	5	en	en	0	1	1
328	334	Leuna	Area codes in Germany	5	5	en	en	0	1	1
328	335	Leuna	BASF	5	5	en	en	0	1	1
328	336	Leuna	Bad Dürrenberg	5	5	en	en	0	1	1
328	337	Leuna	Bad Lauchstädt	5	5	en	en	0	1	1
328	338	Leuna	Barnstädt	5	5	en	en	0	1	1
328	339	Leuna	Bergius process	5	5	en	en	0	1	1
328	340	Leuna	Braunsbedra	5	5	en	en	0	1	1
328	341	Leuna	Burgomaster	5	5	en	en	0	1	1
328	342	Leuna	Carbon monoxide	5	5	en	en	0	1	1
328	343	Leuna	Central European Summer Time	5	5	en	en	0	1	1
328	344	Leuna	Central European Time	5	5	en	en	0	1	1
328	345	Leuna	Coal tar	5	5	en	en	0	1	1
328	346	Leuna	DOMO Group	5	5	en	en	0	1	1
328	347	Leuna	Detergents	5	5	en	en	0	1	1
328	348	Leuna	Districts of Germany	5	5	en	en	0	1	1
328	349	Leuna	Eighth Air Force	5	5	en	en	0	1	1
328	350	Leuna	Farnstädt	5	5	en	en	0	1	1
328	351	Leuna	Geographic coordinate system	5	5	en	en	0	1	1
328	352	Leuna	German language	5	5	en	en	0	1	1
328	353	Leuna	Germany	5	5	en	en	0	1	1
328	354	Leuna	Halle, Saxony-Anhalt	5	5	en	en	0	1	1
328	355	Leuna	Hydrogen	5	5	en	en	0	1	1
328	356	Leuna	IG Farben	5	5	en	en	0	1	1
328	357	Leuna	IG Farben Trial	5	5	en	en	0	1	1
328	358	Leuna	Inside the Third Reich	5	5	en	en	0	1	1
328	359	Leuna	International Standard Book Number	5	5	en	en	0	1	1
328	360	Leuna	Kabelsketal	5	5	en	en	0	1	1
328	361	Leuna	Landsberg, Saxony-Anhalt	5	5	en	en	0	1	1
328	362	Leuna	Leuna-Kötzschau	5	5	en	en	0	1	1
328	363	Leuna	Leuna-Kötzschau (Verwaltungsgemeinschaft)	5	5	en	en	0	1	1
328	364	Leuna	Library of Congress Control Number	5	5	en	en	0	1	1
328	365	Leuna	Lignite	5	5	en	en	0	1	1
328	366	Leuna	List of postal codes in Germany	5	5	en	en	0	1	1
328	367	Leuna	Merseburg	5	5	en	en	0	1	1
328	368	Leuna	Methanol	5	5	en	en	0	1	1
328	369	Leuna	Mücheln	5	5	en	en	0	1	1
328	370	Leuna	Nazi Germany	5	5	en	en	0	1	1
328	371	Leuna	Nemsdorf-Göhrendorf	5	5	en	en	0	1	1
328	372	Leuna	Obhausen	5	5	en	en	0	1	1
328	373	Leuna	Oil Campaign chronology of World War II	5	5	en	en	0	1	1
328	374	Leuna	Oil Campaign of World War II	5	5	en	en	0	1	1
328	375	Leuna	Petersberg, Saxony-Anhalt	5	5	en	en	0	1	1
328	376	Leuna	Petrol	5	5	en	en	0	1	1
328	377	Leuna	Pollution	5	5	en	en	0	1	1
328	378	Leuna	Querfurt	5	5	en	en	0	1	1
328	379	Leuna	Saalekreis	5	5	en	en	0	1	1
328	380	Leuna	Saalekreis (district)	5	5	en	en	0	1	1
328	381	Leuna	Salzatal	5	5	en	en	0	1	1
328	382	Leuna	Saxony-Anhalt	5	5	en	en	0	1	1
328	383	Leuna	Schkopau	5	5	en	en	0	1	1
328	384	Leuna	Schraplau	5	5	en	en	0	1	1
328	385	Leuna	Soviet Union	5	5	en	en	0	1	1
328	386	Leuna	States of Germany	5	5	en	en	0	1	1
328	387	Leuna	Statistisches Landesamt Sachsen-Anhalt	5	5	en	en	0	1	1
328	388	Leuna	Steigra	5	5	en	en	0	1	1
328	389	Leuna	Strategic Bombing Survey (Europe)	5	5	en	en	0	1	1
328	390	Leuna	Syngas	5	5	en	en	0	1	1
328	391	Leuna	Teutschenthal	5	5	en	en	0	1	1
328	392	Leuna	The Linde Group	5	5	en	en	0	1	1
328	393	Leuna	Time zone	5	5	en	en	0	1	1
328	394	Leuna	Tom Landry	5	5	en	en	0	1	1
328	395	Leuna	Total S.A.	5	5	en	en	0	1	1
328	396	Leuna	UTC+1	5	5	en	en	0	1	1
328	397	Leuna	UTC+2	5	5	en	en	0	1	1
328	398	Leuna	Vehicle registration plates of Germany	5	5	en	en	0	1	1
328	399	Leuna	Verwaltungsgemeinschaft	5	5	en	en	0	1	1
328	400	Leuna	Volkseigener Betrieb	5	5	en	en	0	1	1
328	401	Leuna	Walter Ulbricht	5	5	en	en	0	1	1
328	402	Leuna	War reparations	5	5	en	en	0	1	1
328	403	Leuna	Wettin-Löbejün	5	5	en	en	0	1	1
328	404	Leuna	Wikipedia:Link rot	5	5	en	en	0	1	1
328	405	Leuna	Template:Cities and towns in Saalekreis (district)	5	5	en	en	0	1	1
328	406	Leuna	Template:Imagemap Germany district png	5	5	en	en	0	1	1
328	407	Leuna	Template talk:Cities and towns in Saalekreis (district)	5	5	en	en	0	1	1
328	408	Leuna	Category:Articles with dead external links from June 2012	5	5	en	en	0	1	1
409	410	Leuna	Alcalde	6	6	es	es	0	1	1
409	411	Leuna	Alcohol	6	6	es	es	0	1	1
409	412	Leuna	Alemania	6	6	es	es	0	1	1
409	413	Leuna	Altitud	6	6	es	es	0	1	1
409	414	Leuna	Amoníaco	6	6	es	es	0	1	1
409	415	Leuna	Bandera de Leuna	6	6	es	es	0	1	1
409	416	Leuna	Código postal	6	6	es	es	0	1	1
409	417	Leuna	Densidad de población	6	6	es	es	0	1	1
409	418	Leuna	Distritos de Alemania	6	6	es	es	0	1	1
409	419	Leuna	Escudo de Leuna	6	6	es	es	0	1	1
409	420	Leuna	Gasolina sintética	6	6	es	es	0	1	1
409	421	Leuna	Hidrógeno	6	6	es	es	0	1	1
409	422	Leuna	Industria química	6	6	es	es	0	1	1
409	423	Leuna	Kilómetro cuadrado	6	6	es	es	0	1	1
409	424	Leuna	Merseburg	6	6	es	es	0	1	1
409	425	Leuna	Metro	6	6	es	es	0	1	1
409	426	Leuna	Monóxido de carbono	6	6	es	es	0	1	1
409	427	Leuna	Organización territorial de Alemania	6	6	es	es	0	1	1
409	428	Leuna	País	6	6	es	es	0	1	1
409	429	Leuna	Población mundial	6	6	es	es	0	1	1
409	430	Leuna	Prefijo telefónico	6	6	es	es	0	1	1
409	431	Leuna	Sajonia-Anhalt	6	6	es	es	0	1	1
409	432	Leuna	Sitio web	6	6	es	es	0	1	1
409	433	Leuna	Área	6	6	es	es	0	1	1
434	435	Leuna	Albersroda	7	7	da	da	0	1	1
434	436	Leuna	Alberstedt	7	7	da	da	0	1	1
434	437	Leuna	Angersdorf	7	7	da	da	0	1	1
434	438	Leuna	Areal	7	7	da	da	0	1	1
434	439	Leuna	Bad Dürrenberg	7	7	da	da	0	1	1
434	440	Leuna	Bad Lauchstädt	7	7	da	da	0	1	1
434	441	Leuna	Barnstädt	7	7	da	da	0	1	1
434	442	Leuna	Beesenstedt	7	7	da	da	0	1	1
434	443	Leuna	Befolkningstæthed	7	7	da	da	0	1	1
434	444	Leuna	Bennstedt	7	7	da	da	0	1	1
434	445	Leuna	Beuna (Geiseltal)	7	7	da	da	0	1	1
434	446	Leuna	Borgmester	7	7	da	da	0	1	1
434	447	Leuna	Brachstedt	7	7	da	da	0	1	1
434	448	Leuna	Brachwitz	7	7	da	da	0	1	1
434	449	Leuna	Braschwitz	7	7	da	da	0	1	1
434	450	Leuna	Braunsbedra	7	7	da	da	0	1	1
434	451	Leuna	CEST	7	7	da	da	0	1	1
434	452	Leuna	CET	7	7	da	da	0	1	1
434	453	Leuna	Coat of arms of Leuna	7	7	da	da	0	1	1
434	454	Leuna	Delitz am Berge	7	7	da	da	0	1	1
434	455	Leuna	Domnitz	7	7	da	da	0	1	1
434	456	Leuna	Dornstedt	7	7	da	da	0	1	1
434	457	Leuna	Dr. Dietlind Hagenau	7	7	da	da	0	1	1
434	458	Leuna	Döblitz	7	7	da	da	0	1	1
434	459	Leuna	Dößel	7	7	da	da	0	1	1
434	460	Leuna	Esperstedt (bei Querfurt)	7	7	da	da	0	1	1
434	461	Leuna	Farnstädt	7	7	da	da	0	1	1
434	462	Leuna	Fienstedt	7	7	da	da	0	1	1
434	463	Leuna	Friedensdorf	7	7	da	da	0	1	1
434	464	Leuna	Geusa	7	7	da	da	0	1	1
434	465	Leuna	Gimritz	7	7	da	da	0	1	1
434	466	Leuna	Götschetal	7	7	da	da	0	1	1
434	467	Leuna	Günthersdorf	7	7	da	da	0	1	1
434	468	Leuna	Hjemmeside	7	7	da	da	0	1	1
434	469	Leuna	Hohenthurm	7	7	da	da	0	1	1
434	470	Leuna	Horburg-Maßlau	7	7	da	da	0	1	1
434	471	Leuna	Höhnstedt	7	7	da	da	0	1	1
434	472	Leuna	Indbyggertal	7	7	da	da	0	1	1
434	473	Leuna	Kabelsketal	7	7	da	da	0	1	1
434	474	Leuna	Klobikau	7	7	da	da	0	1	1
434	475	Leuna	Kloschwitz	7	7	da	da	0	1	1
434	476	Leuna	Km²	7	7	da	da	0	1	1
434	477	Leuna	Kreypau	7	7	da	da	0	1	1
434	478	Leuna	Krosigk	7	7	da	da	0	1	1
434	479	Leuna	Kötschlitz	7	7	da	da	0	1	1
434	480	Leuna	Kötzschau	7	7	da	da	0	1	1
434	481	Leuna	Kütten	7	7	da	da	0	1	1
434	482	Leuna	Land (stat)	7	7	da	da	0	1	1
434	483	Leuna	Landkreis	7	7	da	da	0	1	1
434	484	Leuna	Landkreis Saalekreis	7	7	da	da	0	1	1
434	485	Leuna	Landsberg (Saalekreis)	7	7	da	da	0	1	1
434	486	Leuna	Langenbogen	7	7	da	da	0	1	1
434	487	Leuna	Leuna-Kötzschau	7	7	da	da	0	1	1
434	488	Leuna	Leuna-Kötzschau (Verwaltungsgemeinschaft)	7	7	da	da	0	1	1
434	489	Leuna	Lieskau	7	7	da	da	0	1	1
434	490	Leuna	Löbejün	7	7	da	da	0	1	1
434	491	Leuna	Merseburg	7	7	da	da	0	1	1
434	492	Leuna	Meter over havets overflade	7	7	da	da	0	1	1
434	493	Leuna	Milzau	7	7	da	da	0	1	1
434	494	Leuna	Morl	7	7	da	da	0	1	1
434	495	Leuna	Mücheln (Geiseltal)	7	7	da	da	0	1	1
434	496	Leuna	Nauendorf (Saalekreis)	7	7	da	da	0	1	1
434	497	Leuna	Nempitz	7	7	da	da	0	1	1
434	498	Leuna	Nemsdorf-Göhrendorf	7	7	da	da	0	1	1
434	499	Leuna	Neutz-Lettewitz	7	7	da	da	0	1	1
434	500	Leuna	Niemberg	7	7	da	da	0	1	1
434	501	Leuna	Obhausen	7	7	da	da	0	1	1
434	502	Leuna	Oebles-Schlechtewitz	7	7	da	da	0	1	1
434	503	Leuna	Oechlitz	7	7	da	da	0	1	1
434	504	Leuna	Oppin	7	7	da	da	0	1	1
434	505	Leuna	Ostrau (Saalekreis)	7	7	da	da	0	1	1
434	506	Leuna	Peißen (Saalekreis)	7	7	da	da	0	1	1
434	507	Leuna	Petersberg (Saalekreis)	7	7	da	da	0	1	1
434	508	Leuna	Plötz	7	7	da	da	0	1	1
434	509	Leuna	Querfurt	7	7	da	da	0	1	1
434	510	Leuna	Rodden	7	7	da	da	0	1	1
434	511	Leuna	Rothenburg (Saale)	7	7	da	da	0	1	1
434	512	Leuna	Rössen	7	7	da	da	0	1	1
434	513	Leuna	Saale	7	7	da	da	0	1	1
434	514	Leuna	Saalekreis	7	7	da	da	0	1	1
434	515	Leuna	Saalekreis (district)	7	7	da	da	0	1	1
434	516	Leuna	Sachsen-Anhalt	7	7	da	da	0	1	1
434	517	Leuna	Salzmünde	7	7	da	da	0	1	1
434	518	Leuna	Schafstädt	7	7	da	da	0	1	1
434	519	Leuna	Schkopau	7	7	da	da	0	1	1
434	520	Leuna	Schochwitz	7	7	da	da	0	1	1
434	521	Leuna	Schraplau	7	7	da	da	0	1	1
434	522	Leuna	Schwerz	7	7	da	da	0	1	1
434	523	Leuna	Spergau	7	7	da	da	0	1	1
434	524	Leuna	Steigra	7	7	da	da	0	1	1
434	525	Leuna	Steuden	7	7	da	da	0	1	1
434	526	Leuna	Teutschenthal	7	7	da	da	0	1	1
434	527	Leuna	Tidszone	7	7	da	da	0	1	1
434	528	Leuna	Tollwitz	7	7	da	da	0	1	1
434	529	Leuna	Tyske telefonforvalg	7	7	da	da	0	1	1
434	530	Leuna	Tyskland	7	7	da	da	0	1	1
434	531	Leuna	Tysklands delstater	7	7	da	da	0	1	1
434	532	Leuna	Tysklands nummerplader	7	7	da	da	0	1	1
434	533	Leuna	Tysklands postnumre	7	7	da	da	0	1	1
434	534	Leuna	UTC	7	7	da	da	0	1	1
434	535	Leuna	Verwaltungsgemeinschaft	7	7	da	da	0	1	1
434	536	Leuna	Wallendorf (Luppe)	7	7	da	da	0	1	1
434	537	Leuna	Wettin (Sachsen-Anhalt)	7	7	da	da	0	1	1
434	538	Leuna	Zappendorf	7	7	da	da	0	1	1
434	539	Leuna	Zweimen	7	7	da	da	0	1	1
434	540	Leuna	Zöschen	7	7	da	da	0	1	1
434	541	Leuna	Wikipedia:Geografiske koordinater	7	7	da	da	0	1	1
542	543	Лойна	2010 йыл	8	8	ba	ba	0	1	1
542	544	Лойна	Commons	8	8	ba	ba	0	1	1
542	545	Лойна	UTC+1	8	8	ba	ba	0	1	1
542	546	Лойна	UTC+2	8	8	ba	ba	0	1	1
542	547	Лойна	Бургомистр	8	8	ba	ba	0	1	1
542	548	Лойна	Географик координаталар	8	8	ba	ba	0	1	1
542	549	Лойна	Германия	8	8	ba	ba	0	1	1
542	550	Лойна	Германия ерҙәре	8	8	ba	ba	0	1	1
542	551	Лойна	Германия ерҙәре (Германия)	8	8	ba	ba	0	1	1
542	552	Лойна	Диңгеҙ кимәленән бейеклеге	8	8	ba	ba	0	1	1
542	553	Лойна	Ил	8	8	ba	ba	0	1	1
542	554	Лойна	Йәйге ваҡыт	8	8	ba	ba	0	1	1
542	555	Лойна	Квадрат километр	8	8	ba	ba	0	1	1
542	556	Лойна	Координаталар	8	8	ba	ba	0	1	1
542	557	Лойна	Майҙан	8	8	ba	ba	0	1	1
542	558	Лойна	Метр	8	8	ba	ba	0	1	1
542	559	Лойна	Немец теле	8	8	ba	ba	0	1	1
542	560	Лойна	Саксония-Анхальт	8	8	ba	ba	0	1	1
542	561	Лойна	Тамамланмаған мәҡәлә	8	8	ba	ba	0	1	1
542	562	Лойна	Фирҡәһеҙ	8	8	ba	ba	0	1	1
542	563	Лойна	Халыҡ	8	8	ba	ba	0	1	1
542	564	Лойна	Үҙидара субъектының тиңләштереү коды	8	8	ba	ba	0	1	1
542	565	Лойна	Википедия:Ҡағиҙә һәм күрһәтмәләр	8	8	ba	ba	0	1	1
542	566	Лойна	Ҡалып:ПозКарта Германия	8	8	ba	ba	0	1	1
542	567	Лойна	Ҡалып:ПозКарта Германия Саксония-Анхальт	8	8	ba	ba	0	1	1
542	568	Лойна	Ҡалып:ПозКарта Германия Саксония-Анхальт Ä§1Ъ	8	8	ba	ba	0	1	1
569	570	Leuna	2009	9	9	pl	pl	0	1	1
569	571	Leuna	31 grudnia	9	9	pl	pl	0	1	1
569	572	Leuna	Bad Dürrenberg	9	9	pl	pl	0	1	1
569	573	Leuna	Bad Lauchstädt	9	9	pl	pl	0	1	1
569	574	Leuna	Braunsbedra	9	9	pl	pl	0	1	1
569	575	Leuna	Friedensdorf (Leuna)	9	9	pl	pl	0	1	1
569	576	Leuna	Gmina związkowa Weida-Land	9	9	pl	pl	0	1	1
569	577	Leuna	Günthersdorf (Leuna)	9	9	pl	pl	0	1	1
569	578	Leuna	Gęstość zaludnienia	9	9	pl	pl	0	1	1
569	579	Leuna	Horburg-Maßlau	9	9	pl	pl	0	1	1
569	580	Leuna	Kabelsketal	9	9	pl	pl	0	1	1
569	581	Leuna	Kilometr kwadratowy	9	9	pl	pl	0	1	1
569	582	Leuna	Kraj związkowy	9	9	pl	pl	0	1	1
569	583	Leuna	Kreypau	9	9	pl	pl	0	1	1
569	584	Leuna	Kötschlitz	9	9	pl	pl	0	1	1
569	585	Leuna	Kötzschau	9	9	pl	pl	0	1	1
569	586	Leuna	Landsberg (Saksonia-Anhalt)	9	9	pl	pl	0	1	1
569	587	Leuna	Liczba ludności	9	9	pl	pl	0	1	1
569	588	Leuna	Merseburg	9	9	pl	pl	0	1	1
569	589	Leuna	Metr	9	9	pl	pl	0	1	1
569	590	Leuna	Mücheln (Geiseltal)	9	9	pl	pl	0	1	1
569	591	Leuna	Nadrenia Północna-Westfalia	9	9	pl	pl	0	1	1
569	592	Leuna	Niemcy	9	9	pl	pl	0	1	1
569	593	Leuna	Państwo	9	9	pl	pl	0	1	1
569	594	Leuna	Petersberg (Saksonia-Anhalt)	9	9	pl	pl	0	1	1
569	595	Leuna	Powiat Saale	9	9	pl	pl	0	1	1
569	596	Leuna	Querfurt	9	9	pl	pl	0	1	1
569	597	Leuna	Rodden	9	9	pl	pl	0	1	1
569	598	Leuna	Saksonia-Anhalt	9	9	pl	pl	0	1	1
569	599	Leuna	Salzatal	9	9	pl	pl	0	1	1
569	600	Leuna	Saskie Zagłębie Węglowe	9	9	pl	pl	0	1	1
569	601	Leuna	Schkopau	9	9	pl	pl	0	1	1
569	602	Leuna	Schraplau	9	9	pl	pl	0	1	1
569	603	Leuna	Soława	9	9	pl	pl	0	1	1
569	604	Leuna	Spergau	9	9	pl	pl	0	1	1
569	605	Leuna	Teutschenthal	9	9	pl	pl	0	1	1
569	606	Leuna	Wesseling (miasto)	9	9	pl	pl	0	1	1
569	607	Leuna	Wettin-Löbejün	9	9	pl	pl	0	1	1
569	608	Leuna	Wspólnota administracyjna Leuna-Kötzschau	9	9	pl	pl	0	1	1
569	609	Leuna	Wysokość bezwzględna	9	9	pl	pl	0	1	1
569	610	Leuna	Ziemia	9	9	pl	pl	0	1	1
569	611	Leuna	Zweimen	9	9	pl	pl	0	1	1
569	612	Leuna	Zöschen	9	9	pl	pl	0	1	1
569	613	Leuna	Szablon:Mapa dane DEU	9	9	pl	pl	0	1	1
569	614	Leuna	Szablon:Powiat Saale	9	9	pl	pl	0	1	1
569	615	Leuna	Dyskusja szablonu:Powiat Saale	9	9	pl	pl	0	1	1
616	617	Лојна	Air University	10	10	mk	mk	0	1	1
616	618	Лојна	Albert Speer	10	10	mk	mk	0	1	1
616	619	Лојна	BASF	10	10	mk	mk	0	1	1
616	620	Лојна	DOMO Group	10	10	mk	mk	0	1	1
616	621	Лојна	IG Farben	10	10	mk	mk	0	1	1
616	622	Лојна	Inside the Third Reich	10	10	mk	mk	0	1	1
616	623	Лојна	Strategic Bombing Survey (Europe)	10	10	mk	mk	0	1	1
616	624	Лојна	The Linde Group	10	10	mk	mk	0	1	1
616	625	Лојна	Total S.A.	10	10	mk	mk	0	1	1
616	626	Лојна	UTC+1	10	10	mk	mk	0	1	1
616	627	Лојна	UTC+2	10	10	mk	mk	0	1	1
616	628	Лојна	Volkseigener Betrieb	10	10	mk	mk	0	1	1
616	629	Лојна	Јаглен	10	10	mk	mk	0	1	1
616	630	Лојна	Јаглерод моноксид	10	10	mk	mk	0	1	1
616	631	Лојна	Амин (хемија)	10	10	mk	mk	0	1	1
616	632	Лојна	Амонијак	10	10	mk	mk	0	1	1
616	633	Лојна	Бад Диренберг	10	10	mk	mk	0	1	1
616	634	Лојна	Бад Лаухштет	10	10	mk	mk	0	1	1
616	635	Лојна	Барнштет	10	10	mk	mk	0	1	1
616	636	Лојна	Браунсбедра	10	10	mk	mk	0	1	1
616	637	Лојна	Валтер Улбрихт	10	10	mk	mk	0	1	1
616	638	Лојна	Ветин-Лебејин	10	10	mk	mk	0	1	1
616	639	Лојна	Водород	10	10	mk	mk	0	1	1
616	640	Лојна	Географски координатен систем	10	10	mk	mk	0	1	1
616	641	Лојна	Германија	10	10	mk	mk	0	1	1
616	642	Лојна	Германски јазик	10	10	mk	mk	0	1	1
616	643	Лојна	Градоначалник	10	10	mk	mk	0	1	1
616	644	Лојна	Густина на населеност	10	10	mk	mk	0	1	1
616	645	Лојна	Детергенти	10	10	mk	mk	0	1	1
616	646	Лојна	Загадување	10	10	mk	mk	0	1	1
616	647	Лојна	Зале (округ)	10	10	mk	mk	0	1	1
616	648	Лојна	Залцатал	10	10	mk	mk	0	1	1
616	649	Лојна	Кабелскетал	10	10	mk	mk	0	1	1
616	650	Лојна	Квадратен километар	10	10	mk	mk	0	1	1
616	651	Лојна	Кверфурт	10	10	mk	mk	0	1	1
616	652	Лојна	Контролен број на Библиотеката на Конгресот	10	10	mk	mk	0	1	1
616	653	Лојна	Ландсберг (Саксонија-Анхалт)	10	10	mk	mk	0	1	1
616	654	Лојна	Мерзебург	10	10	mk	mk	0	1	1
616	655	Лојна	Метанол	10	10	mk	mk	0	1	1
616	656	Лојна	Михелн (Зале)	10	10	mk	mk	0	1	1
616	657	Лојна	Мрежно место	10	10	mk	mk	0	1	1
616	658	Лојна	Надморска височина	10	10	mk	mk	0	1	1
616	659	Лојна	Население	10	10	mk	mk	0	1	1
616	660	Лојна	Нафта	10	10	mk	mk	0	1	1
616	661	Лојна	Нацистичка Германија	10	10	mk	mk	0	1	1
616	662	Лојна	Немсдорф-Герендорф	10	10	mk	mk	0	1	1
616	663	Лојна	Обхаузен	10	10	mk	mk	0	1	1
616	664	Лојна	Окрузи во Германија	10	10	mk	mk	0	1	1
616	665	Лојна	Петерсберг (Саксонија-Анхалт)	10	10	mk	mk	0	1	1
616	666	Лојна	Повикувачки број	10	10	mk	mk	0	1	1
616	667	Лојна	Површина	10	10	mk	mk	0	1	1
616	668	Лојна	Покраини во Германија	10	10	mk	mk	0	1	1
616	669	Лојна	Поштенски број	10	10	mk	mk	0	1	1
616	670	Лојна	Регистарски таблички	10	10	mk	mk	0	1	1
616	671	Лојна	СССР	10	10	mk	mk	0	1	1
616	672	Лојна	Саксонија-Анхалт	10	10	mk	mk	0	1	1
616	673	Лојна	Список на земји	10	10	mk	mk	0	1	1
616	674	Лојна	Средноевропско време	10	10	mk	mk	0	1	1
616	675	Лојна	Средноевропско летно време	10	10	mk	mk	0	1	1
616	676	Лојна	Статистичко биро на Саксонија-Анхалт	10	10	mk	mk	0	1	1
616	677	Лојна	Тојчентал	10	10	mk	mk	0	1	1
616	678	Лојна	Фарнштет	10	10	mk	mk	0	1	1
616	679	Лојна	Хале	10	10	mk	mk	0	1	1
616	680	Лојна	Часовен појас	10	10	mk	mk	0	1	1
616	681	Лојна	Шкопау	10	10	mk	mk	0	1	1
616	682	Лојна	Шраплау	10	10	mk	mk	0	1	1
616	683	Лојна	Штајгра	10	10	mk	mk	0	1	1
616	684	Лојна	Википедија:Што е никулец?	10	10	mk	mk	0	1	1
616	685	Лојна	Шаблон:Градови во Зале (округ)	10	10	mk	mk	0	1	1
616	686	Лојна	Шаблон:Залекрајс-никулец	10	10	mk	mk	0	1	1
616	687	Лојна	Разговор за шаблон:Градови во Зале (округ)	10	10	mk	mk	0	1	1
616	688	Лојна	Разговор за шаблон:Залекрајс-никулец	10	10	mk	mk	0	1	1
689	690	Leuna	Jerman	11	11	ms	ms	0	1	1
689	691	Leuna	Kawasan perbandaran	11	11	ms	ms	0	1	1
689	692	Leuna	Saalekreis	11	11	ms	ms	0	1	1
689	693	Leuna	Saxony-Anhalt	11	11	ms	ms	0	1	1
694	695	Leuna	Bad Dürrenberg	12	12	nl	nl	0	1	1
694	696	Leuna	Bad Lauchstädt	12	12	nl	nl	0	1	1
694	697	Leuna	Barnstädt	12	12	nl	nl	0	1	1
694	698	Leuna	Bevolking	12	12	nl	nl	0	1	1
694	699	Leuna	Braunsbedra	12	12	nl	nl	0	1	1
694	700	Leuna	Burgemeester	12	12	nl	nl	0	1	1
694	701	Leuna	Daspig	12	12	nl	nl	0	1	1
694	702	Leuna	Deelstaten van Duitsland	12	12	nl	nl	0	1	1
694	703	Leuna	Duits kenteken	12	12	nl	nl	0	1	1
694	704	Leuna	Duitse gemeente	12	12	nl	nl	0	1	1
694	705	Leuna	Duitsland	12	12	nl	nl	0	1	1
694	706	Leuna	Dölkau	12	12	nl	nl	0	1	1
694	707	Leuna	Farnstädt	12	12	nl	nl	0	1	1
694	708	Leuna	Friedensdorf (Saksen-Anhalt)	12	12	nl	nl	0	1	1
694	709	Leuna	Gemeentenummer	12	12	nl	nl	0	1	1
694	710	Leuna	Geografische coördinaten	12	12	nl	nl	0	1	1
694	711	Leuna	Göhlitzsch	12	12	nl	nl	0	1	1
694	712	Leuna	Göhren (Leuna)	12	12	nl	nl	0	1	1
694	713	Leuna	Günthersdorf	12	12	nl	nl	0	1	1
694	714	Leuna	Hoogte	12	12	nl	nl	0	1	1
694	715	Leuna	Horburg-Maßlau	12	12	nl	nl	0	1	1
694	716	Leuna	Kabelsketal	12	12	nl	nl	0	1	1
694	717	Leuna	Kreypau	12	12	nl	nl	0	1	1
694	718	Leuna	Kröllwitz	12	12	nl	nl	0	1	1
694	719	Leuna	Kötschlitz	12	12	nl	nl	0	1	1
694	720	Leuna	Kötzschau	12	12	nl	nl	0	1	1
694	721	Leuna	Landkreis	12	12	nl	nl	0	1	1
694	722	Leuna	Landkreis Saalekreis	12	12	nl	nl	0	1	1
694	723	Leuna	Landsberg (Saalekreis)	12	12	nl	nl	0	1	1
694	724	Leuna	Merseburg	12	12	nl	nl	0	1	1
694	725	Leuna	Möritzsch	12	12	nl	nl	0	1	1
694	726	Leuna	Mücheln (Geiseltal)	12	12	nl	nl	0	1	1
694	727	Leuna	Nemsdorf-Göhrendorf	12	12	nl	nl	0	1	1
694	728	Leuna	Netnummer	12	12	nl	nl	0	1	1
694	729	Leuna	Obhausen	12	12	nl	nl	0	1	1
694	730	Leuna	Ockendorf	12	12	nl	nl	0	1	1
694	731	Leuna	Oppervlakte	12	12	nl	nl	0	1	1
694	732	Leuna	Ortsteil	12	12	nl	nl	0	1	1
694	733	Leuna	Petersberg (Saalekreis)	12	12	nl	nl	0	1	1
694	734	Leuna	Pissen (Leuna)	12	12	nl	nl	0	1	1
694	735	Leuna	Postcodes in Duitsland	12	12	nl	nl	0	1	1
694	736	Leuna	Querfurt	12	12	nl	nl	0	1	1
694	737	Leuna	Rampitz	12	12	nl	nl	0	1	1
694	738	Leuna	Rodden	12	12	nl	nl	0	1	1
694	739	Leuna	Rössen	12	12	nl	nl	0	1	1
694	740	Leuna	Saalekreis	12	12	nl	nl	0	1	1
694	741	Leuna	Saksen-Anhalt	12	12	nl	nl	0	1	1
694	742	Leuna	Salzatal	12	12	nl	nl	0	1	1
694	743	Leuna	Schkopau	12	12	nl	nl	0	1	1
694	744	Leuna	Schladebach (Leuna)	12	12	nl	nl	0	1	1
694	745	Leuna	Schraplau	12	12	nl	nl	0	1	1
694	746	Leuna	Spergau	12	12	nl	nl	0	1	1
694	747	Leuna	Steigra	12	12	nl	nl	0	1	1
694	748	Leuna	Teutschenthal	12	12	nl	nl	0	1	1
694	749	Leuna	Thalschütz	12	12	nl	nl	0	1	1
694	750	Leuna	Website	12	12	nl	nl	0	1	1
694	751	Leuna	Wettin-Löbejün	12	12	nl	nl	0	1	1
694	752	Leuna	Wikimedia Commons	12	12	nl	nl	0	1	1
694	753	Leuna	Witzschersdorf	12	12	nl	nl	0	1	1
694	754	Leuna	Wölkau (Leuna)	12	12	nl	nl	0	1	1
694	755	Leuna	Wüsteneutzsch	12	12	nl	nl	0	1	1
694	756	Leuna	Zscherneddel	12	12	nl	nl	0	1	1
694	757	Leuna	Zschöchergen	12	12	nl	nl	0	1	1
694	758	Leuna	Zweimen	12	12	nl	nl	0	1	1
694	759	Leuna	Zöschen	12	12	nl	nl	0	1	1
694	760	Leuna	Portaal:Duitsland	12	12	nl	nl	0	1	1
761	762	Leuna	Altitudo	13	13	la	la	0	1	1
761	763	Leuna	Area	13	13	la	la	0	1	1
761	764	Leuna	Chiliometrum quadratum	13	13	la	la	0	1	1
761	765	Leuna	Coordinata geographica	13	13	la	la	0	1	1
761	766	Leuna	Dietlind Hagenau	13	13	la	la	0	1	1
761	767	Leuna	Geographia	13	13	la	la	0	1	1
761	768	Leuna	Inscriptio cursualis	13	13	la	la	0	1	1
761	769	Leuna	Insigne	13	13	la	la	0	1	1
761	770	Leuna	Latine	13	13	la	la	0	1	1
761	771	Leuna	Lingua Theodisca	13	13	la	la	0	1	1
761	772	Leuna	Magistra civium	13	13	la	la	0	1	1
761	773	Leuna	Mare	13	13	la	la	0	1	1
761	774	Leuna	Municipium pago carens	13	13	la	la	0	1	1
761	775	Leuna	Nomen	13	13	la	la	0	1	1
761	776	Leuna	Nota autocineti	13	13	la	la	0	1	1
761	777	Leuna	Nota magistratus communalis	13	13	la	la	0	1	1
761	778	Leuna	Numerus cursualis	13	13	la	la	0	1	1
761	779	Leuna	Pagorum Germanorum index notarum autocinetorum	13	13	la	la	0	1	1
761	780	Leuna	Politia	13	13	la	la	0	1	1
761	781	Leuna	Praefixum telephonicum	13	13	la	la	0	1	1
761	782	Leuna	Saxonia-Anhaltinum	13	13	la	la	0	1	1
761	783	Leuna	Terra Foederalis Germaniae	13	13	la	la	0	1	1
784	785	Leuna	Alemanya	14	14	war	war	0	1	1
784	786	Leuna	Angersdorf	14	14	war	war	0	1	1
784	787	Leuna	Bad Dürrenberg	14	14	war	war	0	1	1
784	788	Leuna	Bad Lauchstädt	14	14	war	war	0	1	1
784	789	Leuna	Barnstädt	14	14	war	war	0	1	1
784	790	Leuna	Brachwitz	14	14	war	war	0	1	1
784	791	Leuna	Braunsbedra	14	14	war	war	0	1	1
784	792	Leuna	Domnitz	14	14	war	war	0	1	1
784	793	Leuna	Döblitz	14	14	war	war	0	1	1
784	794	Leuna	Farnstädt	14	14	war	war	0	1	1
784	795	Leuna	Friedensdorf	14	14	war	war	0	1	1
784	796	Leuna	Gimritz	14	14	war	war	0	1	1
784	797	Leuna	Hohenthurm	14	14	war	war	0	1	1
784	798	Leuna	Kabelsketal	14	14	war	war	0	1	1
784	799	Leuna	Landsberg, Saxony-Anhalt	14	14	war	war	0	1	1
784	800	Leuna	Löbejün	14	14	war	war	0	1	1
784	801	Leuna	Merseburg	14	14	war	war	0	1	1
784	802	Leuna	Mücheln	14	14	war	war	0	1	1
784	803	Leuna	Nauendorf	14	14	war	war	0	1	1
784	804	Leuna	Nemsdorf-Göhrendorf	14	14	war	war	0	1	1
784	805	Leuna	Neutz-Lettewitz	14	14	war	war	0	1	1
784	806	Leuna	Obhausen	14	14	war	war	0	1	1
784	807	Leuna	Peißen, Saalekreis	14	14	war	war	0	1	1
784	808	Leuna	Petersberg, Saxony-Anhalt	14	14	war	war	0	1	1
784	809	Leuna	Plötz	14	14	war	war	0	1	1
784	810	Leuna	Querfurt	14	14	war	war	0	1	1
784	811	Leuna	Rothenburg, Saxony-Anhalt	14	14	war	war	0	1	1
784	812	Leuna	Saalekreis	14	14	war	war	0	1	1
784	813	Leuna	Salzatal	14	14	war	war	0	1	1
784	814	Leuna	Saxony-Anhalt	14	14	war	war	0	1	1
784	815	Leuna	Schkopau	14	14	war	war	0	1	1
784	816	Leuna	Schraplau	14	14	war	war	0	1	1
784	817	Leuna	Steigra	14	14	war	war	0	1	1
784	818	Leuna	Teutschenthal	14	14	war	war	0	1	1
784	819	Leuna	Wallendorf, Saxony-Anhalt	14	14	war	war	0	1	1
784	820	Leuna	Wettin, Saxony-Anhalt	14	14	war	war	0	1	1
784	821	Leuna	Wikipedia:Paagi pagliwat o pag-edit hin pakli	14	14	war	war	0	1	1
784	822	Leuna	Wikipedia:Turók	14	14	war	war	0	1	1
784	823	Leuna	Batakan:Mga syudad ngan mga bungto ha Saalekreis (distrito)	14	14	war	war	0	1	1
784	824	Leuna	Hiruhimangraw hiton batakan:Mga syudad ngan mga bungto ha Saalekreis (distrito)	14	14	war	war	0	1	1
825	826	Leuna	Altitudine	15	15	it	it	0	1	1
825	827	Leuna	Area	15	15	it	it	0	1	1
825	828	Leuna	Bad Dürrenberg	15	15	it	it	0	1	1
825	829	Leuna	Bad Lauchstädt	15	15	it	it	0	1	1
825	830	Leuna	Barnstädt	15	15	it	it	0	1	1
825	831	Leuna	Braunsbedra	15	15	it	it	0	1	1
825	832	Leuna	Chilometro quadro	15	15	it	it	0	1	1
825	833	Leuna	Circondario rurale (Germania)	15	15	it	it	0	1	1
825	834	Leuna	Codice postale	15	15	it	it	0	1	1
825	835	Leuna	Comuni della Germania	15	15	it	it	0	1	1
825	836	Leuna	Coordinate geografiche	15	15	it	it	0	1	1
825	837	Leuna	Densità di popolazione	15	15	it	it	0	1	1
825	838	Leuna	Distretto governativo	15	15	it	it	0	1	1
825	839	Leuna	Dößel	15	15	it	it	0	1	1
825	840	Leuna	Esperstedt	15	15	it	it	0	1	1
825	841	Leuna	Farnstädt	15	15	it	it	0	1	1
825	842	Leuna	Friedensdorf	15	15	it	it	0	1	1
825	843	Leuna	Fuso orario	15	15	it	it	0	1	1
825	844	Leuna	Germania	15	15	it	it	0	1	1
825	845	Leuna	Geusa	15	15	it	it	0	1	1
825	846	Leuna	Götschetal	15	15	it	it	0	1	1
825	847	Leuna	Günthersdorf (Leuna)	15	15	it	it	0	1	1
825	848	Leuna	Horburg-Maßlau	15	15	it	it	0	1	1
825	849	Leuna	Kabelsketal	15	15	it	it	0	1	1
825	850	Leuna	Kreypau	15	15	it	it	0	1	1
825	851	Leuna	Kötschlitz	15	15	it	it	0	1	1
825	852	Leuna	Kötzschau	15	15	it	it	0	1	1
825	853	Leuna	Landsberg (Sassonia-Anhalt)	15	15	it	it	0	1	1
825	854	Leuna	Merseburg	15	15	it	it	0	1	1
825	855	Leuna	Metri sul livello del mare	15	15	it	it	0	1	1
825	856	Leuna	Mücheln (Geiseltal)	15	15	it	it	0	1	1
825	857	Leuna	Nempitz	15	15	it	it	0	1	1
825	858	Leuna	Nemsdorf-Göhrendorf	15	15	it	it	0	1	1
825	859	Leuna	Obhausen	15	15	it	it	0	1	1
825	860	Leuna	Oechlitz	15	15	it	it	0	1	1
825	861	Leuna	Peißen (Saalekreis)	15	15	it	it	0	1	1
825	862	Leuna	Petersberg (Sassonia-Anhalt)	15	15	it	it	0	1	1
825	863	Leuna	Popolazione	15	15	it	it	0	1	1
825	864	Leuna	Prefisso telefonico	15	15	it	it	0	1	1
825	865	Leuna	Querfurt	15	15	it	it	0	1	1
825	866	Leuna	Rodden	15	15	it	it	0	1	1
825	867	Leuna	Saalekreis	15	15	it	it	0	1	1
825	868	Leuna	Salzatal	15	15	it	it	0	1	1
825	869	Leuna	Sassonia-Anhalt	15	15	it	it	0	1	1
825	870	Leuna	Schkopau	15	15	it	it	0	1	1
825	871	Leuna	Schraplau	15	15	it	it	0	1	1
825	872	Leuna	Spergau	15	15	it	it	0	1	1
825	873	Leuna	Stati federati della Germania	15	15	it	it	0	1	1
825	874	Leuna	Statistisches Bundesamt	15	15	it	it	0	1	1
825	875	Leuna	Stato	15	15	it	it	0	1	1
825	876	Leuna	Steigra	15	15	it	it	0	1	1
825	877	Leuna	Targa automobilistica	15	15	it	it	0	1	1
825	878	Leuna	Teutschenthal	15	15	it	it	0	1	1
825	879	Leuna	Tollwitz	15	15	it	it	0	1	1
825	880	Leuna	UTC+1	15	15	it	it	0	1	1
825	881	Leuna	Wettin-Löbejün	15	15	it	it	0	1	1
825	882	Leuna	Zweimen	15	15	it	it	0	1	1
825	883	Leuna	Zöschen	15	15	it	it	0	1	1
825	884	Leuna	Template:DEU	15	15	it	it	0	1	1
825	885	Leuna	Template:DivAmm/DEU	15	15	it	it	0	1	1
825	886	Leuna	Template:Divisione amministrativa/Stemmi/DEU	15	15	it	it	0	1	1
825	887	Leuna	Template:Divisione amministrativa/Voci/DEU	15	15	it	it	0	1	1
825	888	Leuna	Template:Mappa di localizzazione/DEU	15	15	it	it	0	1	1
889	890	Leuna	Bad Dürrenberg	16	16	vi	vi	0	1	1
889	891	Leuna	Bad Lauchstädt	16	16	vi	vi	0	1	1
889	892	Leuna	Bang của Đức	16	16	vi	vi	0	1	1
889	893	Leuna	Barnstädt	16	16	vi	vi	0	1	1
889	894	Leuna	Biển số xe Đức	16	16	vi	vi	0	1	1
889	895	Leuna	Braunsbedra	16	16	vi	vi	0	1	1
889	896	Leuna	Burgomaster	16	16	vi	vi	0	1	1
889	897	Leuna	Cao độ	16	16	vi	vi	0	1	1
889	898	Leuna	Các quốc gia trên thế giới	16	16	vi	vi	0	1	1
889	899	Leuna	Danh sách mã bưu chính ở Đức	16	16	vi	vi	0	1	1
889	900	Leuna	Diện tích	16	16	vi	vi	0	1	1
889	901	Leuna	Dân số	16	16	vi	vi	0	1	1
889	902	Leuna	Farnstädt	16	16	vi	vi	0	1	1
889	903	Leuna	Giờ Trung Âu	16	16	vi	vi	0	1	1
889	904	Leuna	Giờ mùa Hè Trung Âu	16	16	vi	vi	0	1	1
889	905	Leuna	Huy hiệu của Leuna	16	16	vi	vi	0	1	1
889	906	Leuna	Huyện của Đức	16	16	vi	vi	0	1	1
889	907	Leuna	Hệ tọa độ địa lý	16	16	vi	vi	0	1	1
889	908	Leuna	Kabelsketal	16	16	vi	vi	0	1	1
889	909	Leuna	Landsberg, Saxony-Anhalt	16	16	vi	vi	0	1	1
889	910	Leuna	Leuna-Kötzschau	16	16	vi	vi	0	1	1
889	911	Leuna	Leuna-Kötzschau (Verwaltungsgemeinschaft)	16	16	vi	vi	0	1	1
889	912	Leuna	Merseburg	16	16	vi	vi	0	1	1
889	913	Leuna	Mã vùng ở Đức	16	16	vi	vi	0	1	1
889	914	Leuna	Múi giờ	16	16	vi	vi	0	1	1
889	915	Leuna	Mücheln	16	16	vi	vi	0	1	1
889	916	Leuna	Mật độ dân số	16	16	vi	vi	0	1	1
889	917	Leuna	Nemsdorf-Göhrendorf	16	16	vi	vi	0	1	1
889	918	Leuna	Neutz-Lettewitz	16	16	vi	vi	0	1	1
889	919	Leuna	Obhausen	16	16	vi	vi	0	1	1
889	920	Leuna	Petersberg, Saxony-Anhalt	16	16	vi	vi	0	1	1
889	921	Leuna	Querfurt	16	16	vi	vi	0	1	1
889	922	Leuna	Saalekreis	16	16	vi	vi	0	1	1
889	923	Leuna	Saalekreis (quận)	16	16	vi	vi	0	1	1
889	924	Leuna	Sachsen-Anhalt	16	16	vi	vi	0	1	1
889	925	Leuna	Salzatal	16	16	vi	vi	0	1	1
889	926	Leuna	Schkopau	16	16	vi	vi	0	1	1
889	927	Leuna	Schraplau	16	16	vi	vi	0	1	1
889	928	Leuna	Steigra	16	16	vi	vi	0	1	1
889	929	Leuna	Teutschenthal	16	16	vi	vi	0	1	1
889	930	Leuna	UTC+1	16	16	vi	vi	0	1	1
889	931	Leuna	UTC+2	16	16	vi	vi	0	1	1
889	932	Leuna	Verwaltungsgemeinschaft	16	16	vi	vi	0	1	1
889	933	Leuna	Website	16	16	vi	vi	0	1	1
889	934	Leuna	Wettin-Löbejün	16	16	vi	vi	0	1	1
889	935	Leuna	Đức	16	16	vi	vi	0	1	1
889	936	Leuna	Wikipedia:Bài sơ khai	16	16	vi	vi	0	1	1
889	937	Leuna	Bản mẫu:Bản mẫu:Sơ khai Sachsen-Anhalt	16	16	vi	vi	0	1	1
889	938	Leuna	Bản mẫu:Cities and towns in Saalekreis (district)	16	16	vi	vi	0	1	1
889	939	Leuna	Thảo luận Bản mẫu:Bản mẫu:Sơ khai Sachsen-Anhalt	16	16	vi	vi	0	1	1
889	940	Leuna	Thảo luận Bản mẫu:Cities and towns in Saalekreis (district)	16	16	vi	vi	0	1	1
941	942	Leuna	Deutän	17	17	vo	vo	0	1	1
941	943	Leuna	Km²	17	17	vo	vo	0	1	1
941	944	Leuna	Koordinatasit taledavik	17	17	vo	vo	0	1	1
941	945	Leuna	Sachsen-Anhalt	17	17	vo	vo	0	1	1
946	947	Leuna	Anodza:JoyXarita Olmoniya Saksoniya-Anhalt Ä§1Ъ	18	18	uz	uz	0	1	1
946	948	Leuna	Avtomobil raqamlari	18	18	uz	uz	0	1	1
946	949	Leuna	Burgomistr	18	18	uz	uz	0	1	1
946	950	Leuna	Dengiz sathidan balandlik	18	18	uz	uz	0	1	1
946	951	Leuna	Geografik koordinatalar	18	18	uz	uz	0	1	1
946	952	Leuna	Germaniya	18	18	uz	uz	0	1	1
946	953	Leuna	Koordinatalar	18	18	uz	uz	0	1	1
946	954	Leuna	Kvadrat kilometr	18	18	uz	uz	0	1	1
946	955	Leuna	Mamlakat	18	18	uz	uz	0	1	1
946	956	Leuna	Maydon	18	18	uz	uz	0	1	1
946	957	Leuna	Maʼmuriy birlik identifikatsiyasi raqami	18	18	uz	uz	0	1	1
946	958	Leuna	Metr	18	18	uz	uz	0	1	1
946	959	Leuna	Olmoniya	18	18	uz	uz	0	1	1
946	960	Leuna	Olmoniya yerlari	18	18	uz	uz	0	1	1
946	961	Leuna	Pochta indeksi	18	18	uz	uz	0	1	1
946	962	Leuna	Saksoniya-Anhalt	18	18	uz	uz	0	1	1
946	963	Leuna	Telefon raqamlash rejasi	18	18	uz	uz	0	1	1
946	964	Leuna	UTC+1	18	18	uz	uz	0	1	1
946	965	Leuna	UTC+2	18	18	uz	uz	0	1	1
946	966	Leuna	Vaqt mintaqasi	18	18	uz	uz	0	1	1
946	967	Leuna	VikiOmbor	18	18	uz	uz	0	1	1
946	968	Leuna	Yozgi vaqt	18	18	uz	uz	0	1	1
946	969	Leuna	Andoza:JoyXarita Olmoniya	18	18	uz	uz	0	1	1
946	970	Leuna	Andoza:JoyXarita Olmoniya Saksoniya-Anhalt	18	18	uz	uz	0	1	1
946	971	Leuna	Andoza:Rang/Olmoniya	18	18	uz	uz	0	1	1
972	973	Leuna	Befolkningstäthet	19	19	sv	sv	0	1	1
972	974	Leuna	Geografiska koordinatsystem	19	19	sv	sv	0	1	1
972	975	Leuna	Kvadratkilometer	19	19	sv	sv	0	1	1
972	976	Leuna	Land	19	19	sv	sv	0	1	1
972	977	Leuna	Landkreis	19	19	sv	sv	0	1	1
972	978	Leuna	Leunawerke	19	19	sv	sv	0	1	1
972	979	Leuna	Mitteldeutsches Chemiedreieck	19	19	sv	sv	0	1	1
972	980	Leuna	Postnummer	19	19	sv	sv	0	1	1
972	981	Leuna	Registreringsskylt	19	19	sv	sv	0	1	1
972	982	Leuna	Riktnummer	19	19	sv	sv	0	1	1
972	983	Leuna	Saalekreis	19	19	sv	sv	0	1	1
972	984	Leuna	Sachsen-Anhalt	19	19	sv	sv	0	1	1
972	985	Leuna	Tyskland	19	19	sv	sv	0	1	1
972	986	Leuna	Tysklands förbundsländer	19	19	sv	sv	0	1	1
972	987	Leuna	Wikipedia:Projekt Geografi	19	19	sv	sv	0	1	1
972	988	Leuna	Wikipedia:Stubbar	19	19	sv	sv	0	1	1
989	990	Лојна	Њемачка	20	20	sr	sr	0	1	1
989	991	Лојна	Њемачки језик	20	20	sr	sr	0	1	1
989	992	Лојна	Бад Диренберг	20	20	sr	sr	0	1	1
989	993	Лојна	Бад Лаухштет	20	20	sr	sr	0	1	1
989	994	Лојна	Барнштет (Саксонија-Анхалт)	20	20	sr	sr	0	1	1
989	995	Лојна	Браунсбедра	20	20	sr	sr	0	1	1
989	996	Лојна	Брахвиц	20	20	sr	sr	0	1	1
989	997	Лојна	Ветин	20	20	sr	sr	0	1	1
989	998	Лојна	Временска зона	20	20	sr	sr	0	1	1
989	999	Лојна	Гимриц	20	20	sr	sr	0	1	1
989	1000	Лојна	Деблиц	20	20	sr	sr	0	1	1
989	1001	Лојна	Домниц	20	20	sr	sr	0	1	1
989	1002	Лојна	Залцатал	20	20	sr	sr	0	1	1
989	1003	Лојна	Кабелскетал	20	20	sr	sr	0	1	1
989	1004	Лојна	Кверфурт	20	20	sr	sr	0	1	1
989	1005	Лојна	Ландсберг (Зале)	20	20	sr	sr	0	1	1
989	1006	Лојна	Лебејин	20	20	sr	sr	0	1	1
989	1007	Лојна	Мерзебург	20	20	sr	sr	0	1	1
989	1008	Лојна	Михелн (Гајзелтал)	20	20	sr	sr	0	1	1
989	1009	Лојна	Немачка	20	20	sr	sr	0	1	1
989	1010	Лојна	Немачке државе	20	20	sr	sr	0	1	1
989	1011	Лојна	Немсдорф-Герендорф	20	20	sr	sr	0	1	1
989	1012	Лојна	Нојц-Летевиц	20	20	sr	sr	0	1	1
989	1013	Лојна	Обхаузен	20	20	sr	sr	0	1	1
989	1014	Лојна	Округ Зале	20	20	sr	sr	0	1	1
989	1015	Лојна	Плец	20	20	sr	sr	0	1	1
989	1016	Лојна	Позивни број	20	20	sr	sr	0	1	1
989	1017	Лојна	Поштански код	20	20	sr	sr	0	1	1
989	1018	Лојна	Регистарска ознака	20	20	sr	sr	0	1	1
989	1019	Лојна	Саксонија-Анхалт	20	20	sr	sr	0	1	1
989	1020	Лојна	Становништво	20	20	sr	sr	0	1	1
989	1021	Лојна	Тојчентал	20	20	sr	sr	0	1	1
989	1022	Лојна	Фарнштет	20	20	sr	sr	0	1	1
989	1023	Лојна	Шкопау	20	20	sr	sr	0	1	1
989	1024	Лојна	Шраплау	20	20	sr	sr	0	1	1
989	1025	Лојна	Штајгра	20	20	sr	sr	0	1	1
989	1026	Лојна	Портал:Немачка	20	20	sr	sr	0	1	1
1027	1028	Лойна	2010 год	21	21	ru	ru	0	1	1
1027	1029	Лойна	Leunawerke	21	21	ru	ru	0	1	1
1027	1030	Лойна	UTC+1	21	21	ru	ru	0	1	1
1027	1031	Лойна	UTC+2	21	21	ru	ru	0	1	1
1027	1032	Лойна	Автомобильные номера	21	21	ru	ru	0	1	1
1027	1033	Лойна	Альберсрода	21	21	ru	ru	0	1	1
1027	1034	Лойна	Альберштедт	21	21	ru	ru	0	1	1
1027	1035	Лойна	Анхальт-Цербст (район)	21	21	ru	ru	0	1	1
1027	1036	Лойна	Ашерслебен-Штасфурт (район)	21	21	ru	ru	0	1	1
1027	1037	Лойна	Бад-Дюрренберг	21	21	ru	ru	0	1	1
1027	1038	Лойна	Бад-Лаухштедт	21	21	ru	ru	0	1	1
1027	1039	Лойна	Барнштедт (Саксония-Анхальт)	21	21	ru	ru	0	1	1
1027	1040	Лойна	Бернбург (район)	21	21	ru	ru	0	1	1
1027	1041	Лойна	Беспартийный	21	21	ru	ru	0	1	1
1027	1042	Лойна	Биттерфельд (район)	21	21	ru	ru	0	1	1
1027	1043	Лойна	Бойна (Гайзельталь)	21	21	ru	ru	0	1	1
1027	1044	Лойна	Браунсбедра	21	21	ru	ru	0	1	1
1027	1045	Лойна	Бургенланд (район)	21	21	ru	ru	0	1	1
1027	1046	Лойна	Бургомистр	21	21	ru	ru	0	1	1
1027	1047	Лойна	Бёрде (район)	21	21	ru	ru	0	1	1
1027	1048	Лойна	Вайсенфельс (район)	21	21	ru	ru	0	1	1
1027	1049	Лойна	Валлендорф (Луппе)	21	21	ru	ru	0	1	1
1027	1050	Лойна	Вернигероде (район)	21	21	ru	ru	0	1	1
1027	1051	Лойна	Викисклад	21	21	ru	ru	0	1	1
1027	1052	Лойна	Виттенберг (район)	21	21	ru	ru	0	1	1
1027	1053	Лойна	Высота над уровнем моря	21	21	ru	ru	0	1	1
1027	1054	Лойна	Географические координаты	21	21	ru	ru	0	1	1
1027	1055	Лойна	Германия	21	21	ru	ru	0	1	1
1027	1056	Лойна	Гидрогенизация	21	21	ru	ru	0	1	1
1027	1057	Лойна	Гойза	21	21	ru	ru	0	1	1
1027	1058	Лойна	Гюнтерсдорф	21	21	ru	ru	0	1	1
1027	1059	Лойна	Делиц-ам-Берге	21	21	ru	ru	0	1	1
1027	1060	Лойна	Дессау	21	21	ru	ru	0	1	1
1027	1061	Лойна	Заале (район)	21	21	ru	ru	0	1	1
1027	1062	Лойна	Зальцведель (район)	21	21	ru	ru	0	1	1
1027	1063	Лойна	Зальцланд (район)	21	21	ru	ru	0	1	1
1027	1064	Лойна	Зангерхаузен (район)	21	21	ru	ru	0	1	1
1027	1065	Лойна	Земли Германии	21	21	ru	ru	0	1	1
1027	1066	Лойна	Идентификационный код субъекта самоуправления	21	21	ru	ru	0	1	1
1027	1067	Лойна	Йерихов (район)	21	21	ru	ru	0	1	1
1027	1068	Лойна	Квадратный километр	21	21	ru	ru	0	1	1
1027	1069	Лойна	Кведлинбург (район)	21	21	ru	ru	0	1	1
1027	1070	Лойна	Кверфурт	21	21	ru	ru	0	1	1
1027	1071	Лойна	Клобикау	21	21	ru	ru	0	1	1
1027	1072	Лойна	Крайпау	21	21	ru	ru	0	1	1
1027	1073	Лойна	Кётен (район)	21	21	ru	ru	0	1	1
1027	1074	Лойна	Кёцшау	21	21	ru	ru	0	1	1
1027	1075	Лойна	Кёчлиц	21	21	ru	ru	0	1	1
1027	1076	Лойна	Летнее время	21	21	ru	ru	0	1	1
1027	1077	Лойна	Лойна (значения)	21	21	ru	ru	0	1	1
1027	1078	Лойна	Магдебург	21	21	ru	ru	0	1	1
1027	1079	Лойна	Мансфельд (район)	21	21	ru	ru	0	1	1
1027	1080	Лойна	Мерзебург	21	21	ru	ru	0	1	1
1027	1081	Лойна	Мерзебург-Кверфурт (район)	21	21	ru	ru	0	1	1
1027	1082	Лойна	Метр	21	21	ru	ru	0	1	1
1027	1083	Лойна	Мильцау	21	21	ru	ru	0	1	1
1027	1084	Лойна	Мюхельн (Гайзельталь)	21	21	ru	ru	0	1	1
1027	1085	Лойна	Немецкий язык	21	21	ru	ru	0	1	1
1027	1086	Лойна	Немпиц	21	21	ru	ru	0	1	1
1027	1087	Лойна	Немсдорф-Гёрендорф	21	21	ru	ru	0	1	1
1027	1088	Лойна	Обхаузен	21	21	ru	ru	0	1	1
1027	1089	Лойна	Оре (район)	21	21	ru	ru	0	1	1
1027	1090	Лойна	Площадь	21	21	ru	ru	0	1	1
1027	1091	Лойна	Почтовый индекс	21	21	ru	ru	0	1	1
1027	1092	Лойна	Родден	21	21	ru	ru	0	1	1
1027	1093	Лойна	Саксония-Анхальт	21	21	ru	ru	0	1	1
1027	1094	Лойна	Синтетическое топливо	21	21	ru	ru	0	1	1
1027	1095	Лойна	Страна	21	21	ru	ru	0	1	1
1027	1096	Лойна	Телефонный план нумерации	21	21	ru	ru	0	1	1
1027	1097	Лойна	Толльвиц	21	21	ru	ru	0	1	1
1027	1098	Лойна	Управление (Германия)	21	21	ru	ru	0	1	1
1027	1099	Лойна	Управление Лойна-Кёцшау	21	21	ru	ru	0	1	1
1027	1100	Лойна	Фарнштедт	21	21	ru	ru	0	1	1
1027	1101	Лойна	Фриденсдорф	21	21	ru	ru	0	1	1
1027	1102	Лойна	Халле (Заале)	21	21	ru	ru	0	1	1
1027	1103	Лойна	Хальберштадт (район)	21	21	ru	ru	0	1	1
1027	1104	Лойна	Хорбург-Маслау	21	21	ru	ru	0	1	1
1027	1105	Лойна	Цваймен	21	21	ru	ru	0	1	1
1027	1106	Лойна	Цёшен	21	21	ru	ru	0	1	1
1027	1107	Лойна	Часовой пояс	21	21	ru	ru	0	1	1
1027	1108	Лойна	Шафштедт	21	21	ru	ru	0	1	1
1027	1109	Лойна	Шкопау	21	21	ru	ru	0	1	1
1027	1110	Лойна	Шпергау	21	21	ru	ru	0	1	1
1027	1111	Лойна	Шраплау	21	21	ru	ru	0	1	1
1027	1112	Лойна	Штайгра	21	21	ru	ru	0	1	1
1027	1113	Лойна	Штендаль (район)	21	21	ru	ru	0	1	1
1027	1114	Лойна	Шёнебек (район)	21	21	ru	ru	0	1	1
1027	1115	Лойна	Эсперштедт (Кверфурт)	21	21	ru	ru	0	1	1
1027	1116	Лойна	Эхлиц	21	21	ru	ru	0	1	1
1027	1117	Лойна	Википедия:Заготовка статьи	21	21	ru	ru	0	1	1
1027	1118	Лойна	Шаблон:ПозКарта Германия	21	21	ru	ru	0	1	1
1027	1119	Лойна	Шаблон:ПозКарта Германия Саксония-Анхальт	21	21	ru	ru	0	1	1
1027	1120	Лойна	Шаблон:ПозКарта Германия Саксония-Анхальт Ä§1Ъ	21	21	ru	ru	0	1	1
1027	1121	Лойна	Шаблон:Цвет/Германия	21	21	ru	ru	0	1	1
1027	1122	Лойна	Проект:Германия/Шаблоны-geo-stub	21	21	ru	ru	0	1	1
1123	1124	Leuna	Altitudine	22	22	ro	ro	0	1	1
1123	1125	Leuna	Burgomaster	22	22	ro	ro	0	1	1
1123	1126	Leuna	Coat of arms of Leuna	22	22	ro	ro	0	1	1
1123	1127	Leuna	Coordonate geografice	22	22	ro	ro	0	1	1
1123	1128	Leuna	Densitatea populației	22	22	ro	ro	0	1	1
1123	1129	Leuna	Districtele Germaniei	22	22	ro	ro	0	1	1
1123	1130	Leuna	Dr. Dietlind Hagenau (parteilos)	22	22	ro	ro	0	1	1
1123	1131	Leuna	Fus orar	22	22	ro	ro	0	1	1
1123	1132	Leuna	Germania	22	22	ro	ro	0	1	1
1123	1133	Leuna	Km²	22	22	ro	ro	0	1	1
1123	1134	Leuna	Landurile Germaniei	22	22	ro	ro	0	1	1
1123	1135	Leuna	Leuna-Kötzschau	22	22	ro	ro	0	1	1
1123	1136	Leuna	Leuna-Kötzschau (Verwaltungsgemeinschaft)	22	22	ro	ro	0	1	1
1123	1137	Leuna	Listă de state suverane	22	22	ro	ro	0	1	1
1123	1138	Leuna	Ora Europei Centrale	22	22	ro	ro	0	1	1
1123	1139	Leuna	Ora de vară a Europei Centrale	22	22	ro	ro	0	1	1
1123	1140	Leuna	Ortsteil	22	22	ro	ro	0	1	1
1123	1141	Leuna	Populație	22	22	ro	ro	0	1	1
1123	1142	Leuna	Saalekreis	22	22	ro	ro	0	1	1
1123	1143	Leuna	Saalekreis (district)	22	22	ro	ro	0	1	1
1123	1144	Leuna	Saxonia-Anhalt	22	22	ro	ro	0	1	1
1123	1145	Leuna	Sit web	22	22	ro	ro	0	1	1
1123	1146	Leuna	Suprafață	22	22	ro	ro	0	1	1
1123	1147	Leuna	UTC+1	22	22	ro	ro	0	1	1
1123	1148	Leuna	UTC+2	22	22	ro	ro	0	1	1
1123	1149	Leuna	Verwaltungsgemeinschaft	22	22	ro	ro	0	1	1
1123	1150	Leuna	Wikipedia:Articolul ciot perfect	22	22	ro	ro	0	1	1
1123	1151	Leuna	Wikipedia:Găsește și repară un ciot	22	22	ro	ro	0	1	1
1152	1153	洛伊纳	UTC+1	23	23	zh	zh	0	1	1
1152	1154	洛伊纳	人口密度	23	23	zh	zh	0	1	1
1152	1155	洛伊纳	县 (德国)	23	23	zh	zh	0	1	1
1152	1156	洛伊纳	市镇 (德国)	23	23	zh	zh	0	1	1
1152	1157	洛伊纳	德国	23	23	zh	zh	0	1	1
1152	1158	洛伊纳	德国行政区划	23	23	zh	zh	0	1	1
1152	1159	洛伊纳	時區	23	23	zh	zh	0	1	1
1152	1160	洛伊纳	欧洲中部时间	23	23	zh	zh	0	1	1
1152	1161	洛伊纳	经纬度	23	23	zh	zh	0	1	1
1152	1162	洛伊纳	萨克森-安哈尔特州	23	23	zh	zh	0	1	1
1152	1163	洛伊纳	萨克森-安哈尔特州市镇列表	23	23	zh	zh	0	1	1
