2	3	BASF	2,3,7,8-Tetrachlordibenzodioxin	1	1	de	de	0	1	1
2	2	BASF	AEG	1	1	de	de	0	1	1
2	2	BASF	Abbott Laboratories	1	1	de	de	0	1	1
2	2	BASF	Acetylen	1	1	de	de	0	1	1
2	2	BASF	Acrylsäure	1	1	de	de	0	1	1
2	2	BASF	AdBlue	1	1	de	de	0	1	1
2	2	BASF	Adidas	1	1	de	de	0	1	1
2	2	BASF	Agfa	1	1	de	de	0	1	1
2	2	BASF	Agrarchemie	1	1	de	de	0	1	1
2	2	BASF	Air Liquide	1	1	de	de	0	1	1
2	2	BASF	Akzo Nobel	1	1	de	de	0	1	1
2	2	BASF	Alizarin	1	1	de	de	0	1	1
2	2	BASF	Allianz SE	1	1	de	de	0	1	1
2	2	BASF	Alliierter Kontrollrat	1	1	de	de	0	1	1
2	2	BASF	Alstom	1	1	de	de	0	1	1
2	2	BASF	Altamira (Mexico)	1	1	de	de	0	1	1
2	2	BASF	Altana	1	1	de	de	0	1	1
2	2	BASF	Alwin Mittasch	1	1	de	de	0	1	1
2	2	BASF	Amflora	1	1	de	de	0	1	1
2	2	BASF	Amine	1	1	de	de	0	1	1
2	2	BASF	Anheuser-Busch InBev	1	1	de	de	0	1	1
2	2	BASF	Anilin	1	1	de	de	0	1	1
2	2	BASF	Anke Schäferkordt	1	1	de	de	0	1	1
2	2	BASF	Anorganische Chemie	1	1	de	de	0	1	1
2	2	BASF	Antwerpen	1	1	de	de	0	1	1
2	2	BASF	ArcelorMittal	1	1	de	de	0	1	1
2	2	BASF	Argentinien	1	1	de	de	0	1	1
2	2	BASF	Assicurazioni Generali	1	1	de	de	0	1	1
2	2	BASF	Aufsichtsratsvorsitzender	1	1	de	de	0	1	1
2	2	BASF	August Clemm	1	1	de	de	0	1	1
2	2	BASF	Australien	1	1	de	de	0	1	1
2	2	BASF	Axa	1	1	de	de	0	1	1
2	2	BASF	Azofarbstoffe	1	1	de	de	0	1	1
2	2	BASF	BASF Agrarzentrum Limburgerhof	1	1	de	de	0	1	1
2	2	BASF	BASF Coatings	1	1	de	de	0	1	1
2	2	BASF	BASF Coatings AG	1	1	de	de	0	1	1
2	2	BASF	BASF IT Services	1	1	de	de	0	1	1
2	2	BASF	BASF Pharmachemikalien	1	1	de	de	0	1	1
2	2	BASF	BASF Plant Science	1	1	de	de	0	1	1
2	2	BASF	BASF Polyurethanes	1	1	de	de	0	1	1
2	2	BASF	BASF Schwarzheide GmbH	1	1	de	de	0	1	1
2	2	BASF	BMW	1	1	de	de	0	1	1
2	2	BASF	BNP Paribas	1	1	de	de	0	1	1
2	2	BASF	Babcock Borsig	1	1	de	de	0	1	1
2	2	BASF	Banco Bilbao Vizcaya Argentaria	1	1	de	de	0	1	1
2	2	BASF	Banco Santander	1	1	de	de	0	1	1
2	2	BASF	Basel	1	1	de	de	0	1	1
2	2	BASF	Basell	1	1	de	de	0	1	1
2	2	BASF	Baumwolle	1	1	de	de	0	1	1
2	2	BASF	Bayer AG	1	1	de	de	0	1	1
2	2	BASF	Bayer CropScience	1	1	de	de	0	1	1
2	2	BASF	Bayerische Hypotheken- und Wechsel-Bank	1	1	de	de	0	1	1
2	2	BASF	Bayerische Vereinsbank	1	1	de	de	0	1	1
2	2	BASF	Beiersdorf AG	1	1	de	de	0	1	1
2	2	BASF	Belgien	1	1	de	de	0	1	1
2	2	BASF	Bergius-Pier-Verfahren	1	1	de	de	0	1	1
2	2	BASF	Bernd Venohr	1	1	de	de	0	1	1
2	2	BASF	Bilanzsumme	1	1	de	de	0	1	1
2	2	BASF	Biotechnologie	1	1	de	de	0	1	1
2	2	BASF	BlackRock	1	1	de	de	0	1	1
2	2	BASF	Brasilien	1	1	de	de	0	1	1
2	2	BASF	Buna (Kautschuk)	1	1	de	de	0	1	1
2	2	BASF	Bund für Umwelt und Naturschutz Deutschland	1	1	de	de	0	1	1
2	2	BASF	Calciumcarbid	1	1	de	de	0	1	1
2	2	BASF	Carl-Zeiss-Stiftung	1	1	de	de	0	1	1
2	2	BASF	Carl Bosch	1	1	de	de	0	1	1
2	2	BASF	Carl Clemm	1	1	de	de	0	1	1
2	2	BASF	Carl Duisberg	1	1	de	de	0	1	1
2	2	BASF	Carl Zeiss AG	1	1	de	de	0	1	1
2	2	BASF	Carotinoide	1	1	de	de	0	1	1
2	2	BASF	Carrefour (Unternehmen)	1	1	de	de	0	1	1
2	2	BASF	Cassella Farbwerke Mainkur	1	1	de	de	0	1	1
2	2	BASF	Celanese	1	1	de	de	0	1	1
2	2	BASF	Cement Roadstone Holding	1	1	de	de	0	1	1
2	2	BASF	Chemiepark Marl	1	1	de	de	0	1	1
2	2	BASF	Chemiker	1	1	de	de	0	1	1
2	2	BASF	Chemische Fabrik	1	1	de	de	0	1	1
2	2	BASF	Chemische Fabrik Griesheim-Elektron	1	1	de	de	0	1	1
2	2	BASF	Chemische Fabrik Kalle	1	1	de	de	0	1	1
2	2	BASF	Chemische Industrie	1	1	de	de	0	1	1
2	2	BASF	Chlorakne	1	1	de	de	0	1	1
2	2	BASF	Ciba AG	1	1	de	de	0	1	1
2	2	BASF	Citronellal	1	1	de	de	0	1	1
2	2	BASF	Citronellol	1	1	de	de	0	1	1
2	2	BASF	Clariant	1	1	de	de	0	1	1
2	2	BASF	Cognis	1	1	de	de	0	1	1
2	2	BASF	Commerzbank	1	1	de	de	0	1	1
2	2	BASF	Compagnie de Saint-Gobain	1	1	de	de	0	1	1
2	2	BASF	Comparex	1	1	de	de	0	1	1
2	2	BASF	Continental AG	1	1	de	de	0	1	1
2	2	BASF	Corporate Design	1	1	de	de	0	1	1
2	2	BASF	Crédit Agricole (Unternehmen)	1	1	de	de	0	1	1
2	2	BASF	DAX	1	1	de	de	0	1	1
2	2	BASF	Dachverband der Kritischen Aktionärinnen und Aktionäre	1	1	de	de	0	1	1
2	2	BASF	Daimler AG	1	1	de	de	0	1	1
2	2	BASF	Dannenfels	1	1	de	de	0	1	1
2	2	BASF	Danone	1	1	de	de	0	1	1
2	2	BASF	Degussa	1	1	de	de	0	1	1
2	2	BASF	Deutsche Bank	1	1	de	de	0	1	1
2	2	BASF	Deutsche Börse	1	1	de	de	0	1	1
2	2	BASF	Deutsche Gesellschaft für Schädlingsbekämpfung	1	1	de	de	0	1	1
2	2	BASF	Deutsche Post AG	1	1	de	de	0	1	1
2	2	BASF	Deutsche Telekom	1	1	de	de	0	1	1
2	2	BASF	Deutscher Naturschutzring	1	1	de	de	0	1	1
2	2	BASF	Deutschland	1	1	de	de	0	1	1
2	2	BASF	Dow Chemical	1	1	de	de	0	1	1
2	2	BASF	Dresdner Bank	1	1	de	de	0	1	1
2	2	BASF	DuPont	1	1	de	de	0	1	1
2	2	BASF	DyStar	1	1	de	de	0	1	1
2	2	BASF	Dynamit Nobel	1	1	de	de	0	1	1
2	2	BASF	E.ON	1	1	de	de	0	1	1
2	2	BASF	EBIT	1	1	de	de	0	1	1
2	2	BASF	EURO STOXX 50	1	1	de	de	0	1	1
2	2	BASF	Eggert Voscherau	1	1	de	de	0	1	1
2	2	BASF	Emtec Magnetics	1	1	de	de	0	1	1
2	2	BASF	Enel	1	1	de	de	0	1	1
2	2	BASF	Engelhard Corporation	1	1	de	de	0	1	1
2	2	BASF	Eni (Unternehmen)	1	1	de	de	0	1	1
2	2	BASF	Entwesung	1	1	de	de	0	1	1
2	2	BASF	Eosin Y	1	1	de	de	0	1	1
2	2	BASF	Epcos	1	1	de	de	0	1	1
2	2	BASF	Erdgasleitung	1	1	de	de	0	1	1
2	2	BASF	Erdgasspeicher	1	1	de	de	0	1	1
2	2	BASF	Erdöl	1	1	de	de	0	1	1
2	2	BASF	Erlös	1	1	de	de	0	1	1
2	2	BASF	Erster Weltkrieg	1	1	de	de	0	1	1
2	2	BASF	Ersttagsblatt	1	1	de	de	0	1	1
2	2	BASF	Ethen	1	1	de	de	0	1	1
2	2	BASF	Ethylen	1	1	de	de	0	1	1
2	2	BASF	Euro	1	1	de	de	0	1	1
2	2	BASF	Euronext	1	1	de	de	0	1	1
2	2	BASF	Europäische Gesellschaft	1	1	de	de	0	1	1
2	2	BASF	Evonik	1	1	de	de	0	1	1
2	2	BASF	Evonik Degussa	1	1	de	de	0	1	1
2	2	BASF	Explosion des Oppauer Stickstoffwerkes	1	1	de	de	0	1	1
2	2	BASF	Externe Mitarbeiter in deutschen Bundesministerien	1	1	de	de	0	1	1
2	2	BASF	Exxon	1	1	de	de	0	1	1
2	2	BASF	Faserverbundwerkstoff	1	1	de	de	0	1	1
2	2	BASF	Feinchemie	1	1	de	de	0	1	1
2	2	BASF	Feldmühle (Unternehmen)	1	1	de	de	0	1	1
2	2	BASF	Florian Langenscheidt	1	1	de	de	0	1	1
2	2	BASF	Forbes Magazine	1	1	de	de	0	1	1
2	2	BASF	Fortuna (Kartoffel)	1	1	de	de	0	1	1
2	2	BASF	France Telecom	1	1	de	de	0	1	1
2	2	BASF	Frankfurt am Main	1	1	de	de	0	1	1
2	2	BASF	Frankfurter Wertpapierbörse	1	1	de	de	0	1	1
2	2	BASF	Frankreich	1	1	de	de	0	1	1
2	2	BASF	Franz Fehrenbach	1	1	de	de	0	1	1
2	2	BASF	François Diederich	1	1	de	de	0	1	1
2	2	BASF	Freeport (Texas)	1	1	de	de	0	1	1
2	2	BASF	Fresenius (Unternehmen)	1	1	de	de	0	1	1
2	2	BASF	Fresenius Medical Care	1	1	de	de	0	1	1
2	2	BASF	Friedensvertrag von Versailles	1	1	de	de	0	1	1
2	2	BASF	Friedrich-Engelhorn-Hochhaus	1	1	de	de	0	1	1
2	2	BASF	Friedrich Engelhorn	1	1	de	de	0	1	1
2	2	BASF	Fritz Haber	1	1	de	de	0	1	1
2	2	BASF	Fritz Stastny	1	1	de	de	0	1	1
2	2	BASF	Fungizid	1	1	de	de	0	1	1
2	2	BASF	GDF Suez	1	1	de	de	0	1	1
2	2	BASF	Gas	1	1	de	de	0	1	1
2	2	BASF	Gaskammer (Massenmord)	1	1	de	de	0	1	1
2	2	BASF	Gatersleben	1	1	de	de	0	1	1
2	2	BASF	Gazprom	1	1	de	de	0	1	1
2	2	BASF	Geismar (Louisiana)	1	1	de	de	0	1	1
2	2	BASF	Gent	1	1	de	de	0	1	1
2	2	BASF	Gentechnik	1	1	de	de	0	1	1
2	2	BASF	Georg Wittig	1	1	de	de	0	1	1
2	2	BASF	Gewinn	1	1	de	de	0	1	1
2	2	BASF	Giftgas	1	1	de	de	0	1	1
2	2	BASF	Glasurit	1	1	de	de	0	1	1
2	2	BASF	Glysantin	1	1	de	de	0	1	1
2	2	BASF	Goldmark	1	1	de	de	0	1	1
2	2	BASF	Graphit	1	1	de	de	0	1	1
2	2	BASF	Großrechner	1	1	de	de	0	1	1
2	2	BASF	Gründung (Recht)	1	1	de	de	0	1	1
2	2	BASF	Gulden	1	1	de	de	0	1	1
2	2	BASF	Gustav von Brüning	1	1	de	de	0	1	1
2	2	BASF	Haber-Bosch-Verfahren	1	1	de	de	0	1	1
2	2	BASF	Handelsregister	1	1	de	de	0	1	1
2	2	BASF	Hannover Rück	1	1	de	de	0	1	1
2	2	BASF	Hans Poelzig	1	1	de	de	0	1	1
2	2	BASF	Harnstoff	1	1	de	de	0	1	1
2	2	BASF	Harz (Material)	1	1	de	de	0	1	1
2	2	BASF	Haßmersheim	1	1	de	de	0	1	1
2	2	BASF	HeidelbergCement	1	1	de	de	0	1	1
2	2	BASF	Heinrich Caro	1	1	de	de	0	1	1
2	2	BASF	Heinrich von Brunck	1	1	de	de	0	1	1
2	2	BASF	Hemshof	1	1	de	de	0	1	1
2	2	BASF	Henkel (Unternehmen)	1	1	de	de	0	1	1
2	2	BASF	Henkel KGaA	1	1	de	de	0	1	1
2	2	BASF	Herbizide	1	1	de	de	0	1	1
2	2	BASF	Hitachi (Unternehmen)	1	1	de	de	0	1	1
2	2	BASF	Hoechst	1	1	de	de	0	1	1
2	2	BASF	Hoechst AG	1	1	de	de	0	1	1
2	2	BASF	Hoofddorp	1	1	de	de	0	1	1
2	2	BASF	Hypo Real Estate	1	1	de	de	0	1	1
2	2	BASF	I.G.-Farben-Haus	1	1	de	de	0	1	1
2	2	BASF	I.G.-Farben-Prozess	1	1	de	de	0	1	1
2	2	BASF	I.G. Farben	1	1	de	de	0	1	1
2	2	BASF	IBM	1	1	de	de	0	1	1
2	2	BASF	ING Groep	1	1	de	de	0	1	1
2	2	BASF	Iberdrola	1	1	de	de	0	1	1
2	2	BASF	Illinois	1	1	de	de	0	1	1
2	2	BASF	Indanthren	1	1	de	de	0	1	1
2	2	BASF	Indigo	1	1	de	de	0	1	1
2	2	BASF	Industrie und Technik (Briefmarkenserie)	1	1	de	de	0	1	1
2	2	BASF	Industriegewerkschaft Bergbau, Chemie, Energie	1	1	de	de	0	1	1
2	2	BASF	Industrieller	1	1	de	de	0	1	1
2	2	BASF	Infineon	1	1	de	de	0	1	1
2	2	BASF	Inhaberaktie	1	1	de	de	0	1	1
2	2	BASF	Insektizide	1	1	de	de	0	1	1
2	2	BASF	International Securities Identification Number	1	1	de	de	0	1	1
2	2	BASF	Internet Archive	1	1	de	de	0	1	1
2	2	BASF	Intesa Sanpaolo	1	1	de	de	0	1	1
2	2	BASF	Irland	1	1	de	de	0	1	1
2	2	BASF	Japan	1	1	de	de	0	1	1
2	2	BASF	Joint Venture	1	1	de	de	0	1	1
2	2	BASF	Justus von Liebig	1	1	de	de	0	1	1
2	2	BASF	Jürgen Hambrecht	1	1	de	de	0	1	1
2	2	BASF	Jürgen Strube	1	1	de	de	0	1	1
2	2	BASF	K+S	1	1	de	de	0	1	1
2	2	BASF	K+S AG	1	1	de	de	0	1	1
2	2	BASF	KOHAP Inc.	1	1	de	de	0	1	1
2	2	BASF	KZ Auschwitz	1	1	de	de	0	1	1
2	2	BASF	KZ Majdanek	1	1	de	de	0	1	1
2	2	BASF	KZ Mauthausen	1	1	de	de	0	1	1
2	2	BASF	KZ Neuengamme	1	1	de	de	0	1	1
2	2	BASF	KZ Ravensbrück	1	1	de	de	0	1	1
2	2	BASF	KZ Sachsenhausen	1	1	de	de	0	1	1
2	2	BASF	KZ Stutthof	1	1	de	de	0	1	1
2	2	BASF	Kanada	1	1	de	de	0	1	1
2	2	BASF	Karstadt	1	1	de	de	0	1	1
2	2	BASF	Kassel	1	1	de	de	0	1	1
2	2	BASF	Kehl	1	1	de	de	0	1	1
2	2	BASF	Kesselwagenexplosion in der BASF	1	1	de	de	0	1	1
2	2	BASF	Kleiderlaus	1	1	de	de	0	1	1
2	2	BASF	Klimapolitik	1	1	de	de	0	1	1
2	2	BASF	Kohlehydrierung	1	1	de	de	0	1	1
2	2	BASF	Kompatibilität (Technik)	1	1	de	de	0	1	1
2	2	BASF	Kraftwerk BASF-Antwerpen	1	1	de	de	0	1	1
2	2	BASF	Kraftwerk BASF-Ludwigshafen	1	1	de	de	0	1	1
2	2	BASF	Kuantan	1	1	de	de	0	1	1
2	2	BASF	Kurt Bock	1	1	de	de	0	1	1
2	2	BASF	Lanxess	1	1	de	de	0	1	1
2	2	BASF	Latentwärmespeicher	1	1	de	de	0	1	1
2	2	BASF	Leim	1	1	de	de	0	1	1
2	2	BASF	Lemförde	1	1	de	de	0	1	1
2	2	BASF	Leunawerke	1	1	de	de	0	1	1
2	2	BASF	Lichtschutzmittel	1	1	de	de	0	1	1
2	2	BASF	Limburgerhof	1	1	de	de	0	1	1
2	2	BASF	Linde AG	1	1	de	de	0	1	1
2	2	BASF	Liquidation	1	1	de	de	0	1	1
2	2	BASF	Lobbyismus	1	1	de	de	0	1	1
2	2	BASF	London Stock Exchange	1	1	de	de	0	1	1
2	2	BASF	Ludwigshafen	1	1	de	de	0	1	1
2	2	BASF	Ludwigshafen-Oppau	1	1	de	de	0	1	1
2	2	BASF	Ludwigshafen am Rhein	1	1	de	de	0	1	1
2	2	BASF	Lufthansa	1	1	de	de	0	1	1
2	2	BASF	L’Oréal	1	1	de	de	0	1	1
2	2	BASF	MAN	1	1	de	de	0	1	1
2	2	BASF	MIDAL	1	1	de	de	0	1	1
2	2	BASF	MLP AG	1	1	de	de	0	1	1
2	2	BASF	Magnetophon	1	1	de	de	0	1	1
2	2	BASF	Malaysia	1	1	de	de	0	1	1
2	2	BASF	Mannesmann	1	1	de	de	0	1	1
2	2	BASF	Mannheim-Jungbusch	1	1	de	de	0	1	1
2	2	BASF	Margret Suckale	1	1	de	de	0	1	1
2	2	BASF	Marktführer	1	1	de	de	0	1	1
2	2	BASF	Marktkapitalisierung	1	1	de	de	0	1	1
2	2	BASF	Markus Dufner	1	1	de	de	0	1	1
2	2	BASF	Matthias Pier	1	1	de	de	0	1	1
2	2	BASF	Max Dietrich Kley	1	1	de	de	0	1	1
2	2	BASF	Maximilian II. Joseph (Bayern)	1	1	de	de	0	1	1
2	2	BASF	Melamin	1	1	de	de	0	1	1
2	2	BASF	Merck KGaA	1	1	de	de	0	1	1
2	2	BASF	Merseburg	1	1	de	de	0	1	1
2	2	BASF	Methanol	1	1	de	de	0	1	1
2	2	BASF	Methanolherstellung	1	1	de	de	0	1	1
2	2	BASF	Methylenblau	1	1	de	de	0	1	1
2	2	BASF	Metro AG	1	1	de	de	0	1	1
2	2	BASF	Mexiko	1	1	de	de	0	1	1
2	2	BASF	Michael Diekmann	1	1	de	de	0	1	1
2	2	BASF	Michael Vassiliadis	1	1	de	de	0	1	1
2	2	BASF	Michigan	1	1	de	de	0	1	1
2	2	BASF	Micronal	1	1	de	de	0	1	1
2	2	BASF	Minden	1	1	de	de	0	1	1
2	2	BASF	Mississippi (Bundesstaat)	1	1	de	de	0	1	1
2	2	BASF	Mitarbeiter	1	1	de	de	0	1	1
2	2	BASF	Monitor (Fernsehmagazin)	1	1	de	de	0	1	1
2	2	BASF	Monsanto	1	1	de	de	0	1	1
2	2	BASF	Moët Hennessy Louis Vuitton	1	1	de	de	0	1	1
2	2	BASF	Munich Re	1	1	de	de	0	1	1
2	2	BASF	Museum für Lackkunst	1	1	de	de	0	1	1
2	2	BASF	Münster (Westfalen)	1	1	de	de	0	1	1
2	2	BASF	Namensaktie	1	1	de	de	0	1	1
2	2	BASF	Nanjing	1	1	de	de	0	1	1
2	2	BASF	Natriumcarbonat	1	1	de	de	0	1	1
2	2	BASF	Neopor	1	1	de	de	0	1	1
2	2	BASF	Netzwerk Europäische Bewegung	1	1	de	de	0	1	1
2	2	BASF	New York Stock Exchange	1	1	de	de	0	1	1
2	2	BASF	Niederlande	1	1	de	de	0	1	1
2	2	BASF	Nixdorf Computer	1	1	de	de	0	1	1
2	2	BASF	Nokia	1	1	de	de	0	1	1
2	2	BASF	Nordamerika	1	1	de	de	0	1	1
2	2	BASF	Oppanol B	1	1	de	de	0	1	1
2	2	BASF	Paul Moldenhauer	1	1	de	de	0	1	1
2	2	BASF	Peripheriegerät	1	1	de	de	0	1	1
2	2	BASF	Petrochemie	1	1	de	de	0	1	1
2	2	BASF	Petronas	1	1	de	de	0	1	1
2	2	BASF	Pflanzenschutzmittel	1	1	de	de	0	1	1
2	2	BASF	Philips	1	1	de	de	0	1	1
2	2	BASF	Phthalsäureester	1	1	de	de	0	1	1
2	2	BASF	Pigment	1	1	de	de	0	1	1
2	2	BASF	Politiker	1	1	de	de	0	1	1
2	2	BASF	Polyamide	1	1	de	de	0	1	1
2	2	BASF	Polyethylen	1	1	de	de	0	1	1
2	2	BASF	Polyolefin	1	1	de	de	0	1	1
2	2	BASF	Polyoxymethylen	1	1	de	de	0	1	1
2	2	BASF	Polypropylen	1	1	de	de	0	1	1
2	2	BASF	Polystyrol	1	1	de	de	0	1	1
2	2	BASF	Polyurethan	1	1	de	de	0	1	1
2	2	BASF	Polyvinylchlorid	1	1	de	de	0	1	1
2	2	BASF	Port Arthur (Texas)	1	1	de	de	0	1	1
2	2	BASF	Postbank	1	1	de	de	0	1	1
2	2	BASF	Preussag	1	1	de	de	0	1	1
2	2	BASF	Propylen	1	1	de	de	0	1	1
2	2	BASF	Propylenoxid	1	1	de	de	0	1	1
2	2	BASF	Québec (Stadt)	1	1	de	de	0	1	1
2	2	BASF	REACH	1	1	de	de	0	1	1
2	2	BASF	REACH-Verordnung	1	1	de	de	0	1	1
2	2	BASF	RTL Television	1	1	de	de	0	1	1
2	2	BASF	RWE	1	1	de	de	0	1	1
2	2	BASF	Rechtsform	1	1	de	de	0	1	1
2	2	BASF	Rehden	1	1	de	de	0	1	1
2	2	BASF	Reichsschwefelwerk	1	1	de	de	0	1	1
2	2	BASF	Reparation	1	1	de	de	0	1	1
2	2	BASF	Repsol YPF	1	1	de	de	0	1	1
2	2	BASF	Robert Bosch GmbH	1	1	de	de	0	1	1
2	2	BASF	Royal Dutch Shell	1	1	de	de	0	1	1
2	2	BASF	Rudolf Knietsch	1	1	de	de	0	1	1
2	2	BASF	Ruprecht-Karls-Universität Heidelberg	1	1	de	de	0	1	1
2	2	BASF	SAP	1	1	de	de	0	1	1
2	2	BASF	STEGAL	1	1	de	de	0	1	1
2	2	BASF	Salzgitter AG	1	1	de	de	0	1	1
2	2	BASF	Sanofi-Aventis	1	1	de	de	0	1	1
2	2	BASF	Schneider Electric	1	1	de	de	0	1	1
2	2	BASF	Schott AG	1	1	de	de	0	1	1
2	2	BASF	Schwarzheide	1	1	de	de	0	1	1
2	2	BASF	Schwefelsäure	1	1	de	de	0	1	1
2	2	BASF	Schweiz	1	1	de	de	0	1	1
2	2	BASF	Seife	1	1	de	de	0	1	1
2	2	BASF	Siemens	1	1	de	de	0	1	1
2	2	BASF	Sinopec	1	1	de	de	0	1	1
2	2	BASF	Sitz (juristische Person)	1	1	de	de	0	1	1
2	2	BASF	Societe Generale	1	1	de	de	0	1	1
2	2	BASF	Soja	1	1	de	de	0	1	1
2	2	BASF	Solvay	1	1	de	de	0	1	1
2	2	BASF	Sowjetische Besatzungszone	1	1	de	de	0	1	1
2	2	BASF	Spanien	1	1	de	de	0	1	1
2	2	BASF	Steamcracker	1	1	de	de	0	1	1
2	2	BASF	Stellungskrieg	1	1	de	de	0	1	1
2	2	BASF	Stiftung „Erinnerung, Verantwortung und Zukunft“	1	1	de	de	0	1	1
2	2	BASF	Strobilurine	1	1	de	de	0	1	1
2	2	BASF	Stuttgart	1	1	de	de	0	1	1
2	2	BASF	Styrodur	1	1	de	de	0	1	1
2	2	BASF	Styropor	1	1	de	de	0	1	1
2	2	BASF	Superabsorber	1	1	de	de	0	1	1
2	2	BASF	Superphosphat	1	1	de	de	0	1	1
2	2	BASF	Swiss Exchange	1	1	de	de	0	1	1
2	2	BASF	Synthetischer Kautschuk	1	1	de	de	0	1	1
2	2	BASF	System/370	1	1	de	de	0	1	1
2	2	BASF	Säure	1	1	de	de	0	1	1
2	2	BASF	TUI	1	1	de	de	0	1	1
2	2	BASF	Technologieführerschaft	1	1	de	de	0	1	1
2	2	BASF	Teerfarbstoff	1	1	de	de	0	1	1
2	2	BASF	Telecom Italia	1	1	de	de	0	1	1
2	2	BASF	Telefónica	1	1	de	de	0	1	1
2	2	BASF	Telepolis	1	1	de	de	0	1	1
2	2	BASF	Texas	1	1	de	de	0	1	1
2	2	BASF	Th. Goldschmidt AG	1	1	de	de	0	1	1
2	2	BASF	ThyssenKrupp	1	1	de	de	0	1	1
2	2	BASF	Tokioter Börse	1	1	de	de	0	1	1
2	2	BASF	Total (Unternehmen)	1	1	de	de	0	1	1
2	2	BASF	Treuhandanstalt	1	1	de	de	0	1	1
2	2	BASF	UV-Strahlung	1	1	de	de	0	1	1
2	2	BASF	UniCredit Group	1	1	de	de	0	1	1
2	2	BASF	Unibail-rodamco	1	1	de	de	0	1	1
2	2	BASF	Unilever	1	1	de	de	0	1	1
2	2	BASF	Unternehmensführung	1	1	de	de	0	1	1
2	2	BASF	Unternehmenslogo	1	1	de	de	0	1	1
2	2	BASF	VEBA	1	1	de	de	0	1	1
2	2	BASF	VIAG	1	1	de	de	0	1	1
2	2	BASF	Verband der Chemischen Industrie	1	1	de	de	0	1	1
2	2	BASF	Vereinigte Staaten	1	1	de	de	0	1	1
2	2	BASF	Vereinigtes Königreich	1	1	de	de	0	1	1
2	2	BASF	Verlag C. H. Beck	1	1	de	de	0	1	1
2	2	BASF	Vinci (Unternehmen)	1	1	de	de	0	1	1
2	2	BASF	Virginia	1	1	de	de	0	1	1
2	2	BASF	Vitamin A	1	1	de	de	0	1	1
2	2	BASF	Vitamine	1	1	de	de	0	1	1
2	2	BASF	Vivendi	1	1	de	de	0	1	1
2	2	BASF	Volkswagen AG	1	1	de	de	0	1	1
2	2	BASF	Vorstandsvorsitzender	1	1	de	de	0	1	1
2	2	BASF	Wacker Chemie	1	1	de	de	0	1	1
2	2	BASF	Walter Reppe	1	1	de	de	0	1	1
2	2	BASF	Wappen	1	1	de	de	0	1	1
2	2	BASF	Waschmittel	1	1	de	de	0	1	1
2	2	BASF	Website	1	1	de	de	0	1	1
2	2	BASF	Weichmacher	1	1	de	de	0	1	1
2	2	BASF	Weimarer Republik	1	1	de	de	0	1	1
2	2	BASF	Weltausstellung	1	1	de	de	0	1	1
2	2	BASF	Werkfeuerwehr BASF	1	1	de	de	0	1	1
2	2	BASF	Werner Abelshauser	1	1	de	de	0	1	1
2	2	BASF	Wesseling	1	1	de	de	0	1	1
2	2	BASF	Willstätt	1	1	de	de	0	1	1
2	2	BASF	Wingas	1	1	de	de	0	1	1
2	2	BASF	Wintershall	1	1	de	de	0	1	1
2	2	BASF	Wirtschaftskartell	1	1	de	de	0	1	1
2	2	BASF	Wirtschaftszweig	1	1	de	de	0	1	1
2	2	BASF	Ylide	1	1	de	de	0	1	1
2	2	BASF	Zyklon B	1	1	de	de	0	1	1
2	2	BASF	Wikipedia:Lesenswerte Artikel	1	1	de	de	0	1	1
2	2	BASF	Kategorie:Datei:BASF	1	1	de	de	0	1	1
2	2	BASF	BASF	1	1	de	fi	1	0	1
2	2	BASF	BASF	1	1	de	fr	1	0	1
2	2	BASF	ب آ اس اف	1	1	de	fa	1	0	1
2	2	BASF	BASF	1	1	de	el	1	0	1
2	2	BASF	BASF	1	1	de	eo	1	0	1
2	2	BASF	BASF	1	1	de	en	1	0	1
2	2	BASF	BASF	1	1	de	es	1	0	1
2	2	BASF	BASF	1	1	de	ca	1	0	1
2	2	BASF	BASF	1	1	de	bg	1	0	1
2	2	BASF	BASF	1	1	de	be	1	0	1
2	2	BASF	BASF	1	1	de	da	1	0	1
2	2	BASF	BASF	1	1	de	cs	1	0	1
2	2	BASF	باسف	1	1	de	ar	1	0	1
2	2	BASF	BASF	1	1	de	no	1	0	1
2	2	BASF	BASF	1	1	de	pl	1	0	1
2	2	BASF	Anilin	1	1	de	pfl	1	0	1
2	2	BASF	बी.ए.एस.एफ.	1	1	de	mr	1	0	1
2	2	BASF	BASF (chemieconcern)	1	1	de	nl	1	0	1
2	2	BASF	바스프	1	1	de	ko	1	0	1
2	2	BASF	BASF	1	1	de	hr	1	0	1
2	2	BASF	BASF	1	1	de	hu	1	0	1
2	2	BASF	BASF	1	1	de	id	1	0	1
2	2	BASF	BASF	1	1	de	it	1	0	1
2	2	BASF	BASF	1	1	de	ja	1	0	1
2	2	BASF	BASF	1	1	de	vi	1	0	1
2	2	BASF	BASF	1	1	de	uk	1	0	1
2	2	BASF	BASF	1	1	de	tr	1	0	1
2	2	BASF	பி.எ.எசு.எப்	1	1	de	ta	1	0	1
2	2	BASF	BASF	1	1	de	sv	1	0	1
2	2	BASF	BASF	1	1	de	sk	1	0	1
2	2	BASF	BASF	1	1	de	sr	1	0	1
2	2	BASF	BASF	1	1	de	sq	1	0	1
2	2	BASF	BASF	1	1	de	ru	1	0	1
2	2	BASF	BASF	1	1	de	ro	1	0	1
2	2	BASF	BASF	1	1	de	qu	1	0	1
2	2	BASF	BASF	1	1	de	pt	1	0	1
2	2	BASF	巴斯夫	1	1	de	zh	1	0	1
2	3	BASF	1865	1	1	fi	fi	0	1	1
2	2	BASF	Adidas	1	1	fi	fi	0	1	1
2	2	BASF	Akronyymi	1	1	fi	fi	0	1	1
2	2	BASF	Allianz	1	1	fi	fi	0	1	1
2	2	BASF	Ammoniakki	1	1	fi	fi	0	1	1
2	2	BASF	Auschwitz	1	1	fi	fi	0	1	1
2	2	BASF	BMW	1	1	fi	fi	0	1	1
2	2	BASF	Bayer	1	1	fi	fi	0	1	1
2	2	BASF	Beiersdorf	1	1	fi	fi	0	1	1
2	2	BASF	Birkenau	1	1	fi	fi	0	1	1
2	2	BASF	Carl Bosch	1	1	fi	fi	0	1	1
2	2	BASF	Chile	1	1	fi	fi	0	1	1
2	2	BASF	Commerzbank	1	1	fi	fi	0	1	1
2	2	BASF	DAX-indeksi	1	1	fi	fi	0	1	1
2	2	BASF	Daimler	1	1	fi	fi	0	1	1
2	2	BASF	Deutsche Bank	1	1	fi	fi	0	1	1
2	2	BASF	Deutsche Börse	1	1	fi	fi	0	1	1
2	2	BASF	Deutsche Post	1	1	fi	fi	0	1	1
2	2	BASF	Deutsche Telekom	1	1	fi	fi	0	1	1
2	2	BASF	E.ON	1	1	fi	fi	0	1	1
2	2	BASF	Ensimmäinen maailmansota	1	1	fi	fi	0	1	1
2	2	BASF	Farkut	1	1	fi	fi	0	1	1
2	2	BASF	Frankfurtin pörssi	1	1	fi	fi	0	1	1
2	2	BASF	Fresenius	1	1	fi	fi	0	1	1
2	2	BASF	Fresenius Medical Care	1	1	fi	fi	0	1	1
2	2	BASF	Friedrich Engelhorn	1	1	fi	fi	0	1	1
2	2	BASF	Fritz Haber	1	1	fi	fi	0	1	1
2	2	BASF	Gazprom	1	1	fi	fi	0	1	1
2	2	BASF	Guano	1	1	fi	fi	0	1	1
2	2	BASF	Haber-Bosch-prosessi	1	1	fi	fi	0	1	1
2	2	BASF	Hannover Re	1	1	fi	fi	0	1	1
2	2	BASF	Henkel	1	1	fi	fi	0	1	1
2	2	BASF	Hoechst	1	1	fi	fi	0	1	1
2	2	BASF	IG Farben	1	1	fi	fi	0	1	1
2	2	BASF	Juutalaisuus	1	1	fi	fi	0	1	1
2	2	BASF	K+S	1	1	fi	fi	0	1	1
2	2	BASF	Keskitysleiri	1	1	fi	fi	0	1	1
2	2	BASF	Kurt Bock	1	1	fi	fi	0	1	1
2	2	BASF	Liikevaihto	1	1	fi	fi	0	1	1
2	2	BASF	Linde	1	1	fi	fi	0	1	1
2	2	BASF	Lontoon pörssi	1	1	fi	fi	0	1	1
2	2	BASF	Ludwigshafen am Rhein	1	1	fi	fi	0	1	1
2	2	BASF	Lufthansa	1	1	fi	fi	0	1	1
2	2	BASF	MAN (yritys)	1	1	fi	fi	0	1	1
2	2	BASF	METRO AG	1	1	fi	fi	0	1	1
2	2	BASF	Maakaasu	1	1	fi	fi	0	1	1
2	2	BASF	Maaöljy	1	1	fi	fi	0	1	1
2	2	BASF	Merck KGaA	1	1	fi	fi	0	1	1
2	2	BASF	Munich Re	1	1	fi	fi	0	1	1
2	2	BASF	Nord Stream	1	1	fi	fi	0	1	1
2	2	BASF	RWE	1	1	fi	fi	0	1	1
2	2	BASF	SAP (yritys)	1	1	fi	fi	0	1	1
2	2	BASF	Saksa	1	1	fi	fi	0	1	1
2	2	BASF	Salzgitter (yritys)	1	1	fi	fi	0	1	1
2	2	BASF	Siemens	1	1	fi	fi	0	1	1
2	2	BASF	ThyssenKrupp	1	1	fi	fi	0	1	1
2	2	BASF	Toimitusjohtaja	1	1	fi	fi	0	1	1
2	2	BASF	Toinen maailmansota	1	1	fi	fi	0	1	1
2	2	BASF	Volkswagen	1	1	fi	fi	0	1	1
2	2	BASF	Wintershall	1	1	fi	fi	0	1	1
2	2	BASF	Yhtiömuoto	1	1	fi	fi	0	1	1
2	2	BASF	Zyklon B	1	1	fi	fi	0	1	1
2	2	BASF	Wikipedia:Merkitse lähteet	1	1	fi	fi	0	1	1
2	2	BASF	Wikipedia:Tynkä	1	1	fi	fi	0	1	1
2	2	BASF	Luokka:Saksa-tyngät	1	1	fi	fi	0	1	1
2	3	BASF	1900	1	1	fr	fr	0	1	1
2	2	BASF	1920	1	1	fr	fr	0	1	1
2	2	BASF	1925	1	1	fr	fr	0	1	1
2	2	BASF	1952	1	1	fr	fr	0	1	1
2	2	BASF	1990	1	1	fr	fr	0	1	1
2	2	BASF	2005 en économie	1	1	fr	fr	0	1	1
2	2	BASF	2010	1	1	fr	fr	0	1	1
2	2	BASF	2010 en économie	1	1	fr	fr	0	1	1
2	2	BASF	31 décembre	1	1	fr	fr	0	1	1
2	2	BASF	Acronyme	1	1	fr	fr	0	1	1
2	2	BASF	Action (finance)	1	1	fr	fr	0	1	1
2	2	BASF	Adidas	1	1	fr	fr	0	1	1
2	2	BASF	Afrique	1	1	fr	fr	0	1	1
2	2	BASF	Air liquide	1	1	fr	fr	0	1	1
2	2	BASF	AkzoNobel	1	1	fr	fr	0	1	1
2	2	BASF	Alizarine	1	1	fr	fr	0	1	1
2	2	BASF	Allemagne	1	1	fr	fr	0	1	1
2	2	BASF	Allianz	1	1	fr	fr	0	1	1
2	2	BASF	Alliés de la Seconde Guerre mondiale	1	1	fr	fr	0	1	1
2	2	BASF	Amflora	1	1	fr	fr	0	1	1
2	2	BASF	Amidon	1	1	fr	fr	0	1	1
2	2	BASF	Ammoniac	1	1	fr	fr	0	1	1
2	2	BASF	Amylopectine	1	1	fr	fr	0	1	1
2	2	BASF	Amérique du Nord	1	1	fr	fr	0	1	1
2	2	BASF	Amérique du Sud	1	1	fr	fr	0	1	1
2	2	BASF	Aniline	1	1	fr	fr	0	1	1
2	2	BASF	Asie	1	1	fr	fr	0	1	1
2	2	BASF	Associated Press	1	1	fr	fr	0	1	1
2	2	BASF	BASF Plant Science	1	1	fr	fr	0	1	1
2	2	BASF	Bade	1	1	fr	fr	0	1	1
2	2	BASF	Bayer (entreprise)	1	1	fr	fr	0	1	1
2	2	BASF	Bayerische Motoren Werke	1	1	fr	fr	0	1	1
2	2	BASF	Beiersdorf	1	1	fr	fr	0	1	1
2	2	BASF	Bourse de Londres	1	1	fr	fr	0	1	1
2	2	BASF	Braskem	1	1	fr	fr	0	1	1
2	2	BASF	Caoutchouc (matériau)	1	1	fr	fr	0	1	1
2	2	BASF	Carbonate de sodium	1	1	fr	fr	0	1	1
2	2	BASF	Chef d'entreprise	1	1	fr	fr	0	1	1
2	2	BASF	Chiffre d'affaires	1	1	fr	fr	0	1	1
2	2	BASF	Ciba Specialty Chemicals	1	1	fr	fr	0	1	1
2	2	BASF	Coentreprise	1	1	fr	fr	0	1	1
2	2	BASF	Colorant industriel	1	1	fr	fr	0	1	1
2	2	BASF	Commerzbank	1	1	fr	fr	0	1	1
2	2	BASF	Consortium	1	1	fr	fr	0	1	1
2	2	BASF	Continental AG	1	1	fr	fr	0	1	1
2	2	BASF	Cultivar	1	1	fr	fr	0	1	1
2	2	BASF	DAX	1	1	fr	fr	0	1	1
2	2	BASF	Daimler (entreprise)	1	1	fr	fr	0	1	1
2	2	BASF	Der Spiegel	1	1	fr	fr	0	1	1
2	2	BASF	Deutsche Bank	1	1	fr	fr	0	1	1
2	2	BASF	Deutsche Börse	1	1	fr	fr	0	1	1
2	2	BASF	Deutsche Post	1	1	fr	fr	0	1	1
2	2	BASF	Deutsche Telekom	1	1	fr	fr	0	1	1
2	2	BASF	Dow Chemical	1	1	fr	fr	0	1	1
2	2	BASF	DuPont	1	1	fr	fr	0	1	1
2	2	BASF	Décembre 2010	1	1	fr	fr	0	1	1
2	2	BASF	E.ON	1	1	fr	fr	0	1	1
2	2	BASF	Engrais	1	1	fr	fr	0	1	1
2	2	BASF	Euro	1	1	fr	fr	0	1	1
2	2	BASF	Europe	1	1	fr	fr	0	1	1
2	2	BASF	Evonik	1	1	fr	fr	0	1	1
2	2	BASF	ExxonMobil	1	1	fr	fr	0	1	1
2	2	BASF	Filiale	1	1	fr	fr	0	1	1
2	2	BASF	Forbes (magazine)	1	1	fr	fr	0	1	1
2	2	BASF	Fresenius	1	1	fr	fr	0	1	1
2	2	BASF	Fresenius Medical Care	1	1	fr	fr	0	1	1
2	2	BASF	Goudron	1	1	fr	fr	0	1	1
2	2	BASF	HeidelbergCement	1	1	fr	fr	0	1	1
2	2	BASF	Henkel	1	1	fr	fr	0	1	1
2	2	BASF	Histoire du procédé Haber-Bosch	1	1	fr	fr	0	1	1
2	2	BASF	Indanthrène	1	1	fr	fr	0	1	1
2	2	BASF	Indigo	1	1	fr	fr	0	1	1
2	2	BASF	Industrie chimique	1	1	fr	fr	0	1	1
2	2	BASF	Industrie papetière	1	1	fr	fr	0	1	1
2	2	BASF	Ineos	1	1	fr	fr	0	1	1
2	2	BASF	Infineon Technologies	1	1	fr	fr	0	1	1
2	2	BASF	Interessengemeinschaft Farbenindustrie	1	1	fr	fr	0	1	1
2	2	BASF	K+S	1	1	fr	fr	0	1	1
2	2	BASF	Lanxess	1	1	fr	fr	0	1	1
2	2	BASF	Le Monde	1	1	fr	fr	0	1	1
2	2	BASF	Linde AG	1	1	fr	fr	0	1	1
2	2	BASF	Ludwigshafen	1	1	fr	fr	0	1	1
2	2	BASF	Lufthansa	1	1	fr	fr	0	1	1
2	2	BASF	LyondellBasell	1	1	fr	fr	0	1	1
2	2	BASF	Mannheim	1	1	fr	fr	0	1	1
2	2	BASF	Merck KGaA	1	1	fr	fr	0	1	1
2	2	BASF	Mitsubishi Chemical Holdings	1	1	fr	fr	0	1	1
2	2	BASF	Mitsui Chemicals	1	1	fr	fr	0	1	1
2	2	BASF	Munich Re	1	1	fr	fr	0	1	1
2	2	BASF	Nankin	1	1	fr	fr	0	1	1
2	2	BASF	New York Stock Exchange	1	1	fr	fr	0	1	1
2	2	BASF	OGM	1	1	fr	fr	0	1	1
2	2	BASF	Palatinat	1	1	fr	fr	0	1	1
2	2	BASF	Pays de Bade	1	1	fr	fr	0	1	1
2	2	BASF	Pomme de terre	1	1	fr	fr	0	1	1
2	2	BASF	Procédé Haber	1	1	fr	fr	0	1	1
2	2	BASF	RWE	1	1	fr	fr	0	1	1
2	2	BASF	Rhin	1	1	fr	fr	0	1	1
2	2	BASF	SAP (entreprise)	1	1	fr	fr	0	1	1
2	2	BASF	Sabic	1	1	fr	fr	0	1	1
2	2	BASF	Seconde Guerre mondiale	1	1	fr	fr	0	1	1
2	2	BASF	Secteur d'activité	1	1	fr	fr	0	1	1
2	2	BASF	Shanghai	1	1	fr	fr	0	1	1
2	2	BASF	Shell (entreprise)	1	1	fr	fr	0	1	1
2	2	BASF	Siemens (entreprise)	1	1	fr	fr	0	1	1
2	2	BASF	Sinopec	1	1	fr	fr	0	1	1
2	2	BASF	Site web	1	1	fr	fr	0	1	1
2	2	BASF	Siège social	1	1	fr	fr	0	1	1
2	2	BASF	Slogan publicitaire	1	1	fr	fr	0	1	1
2	2	BASF	Société européenne	1	1	fr	fr	0	1	1
2	2	BASF	Spiegel	1	1	fr	fr	0	1	1
2	2	BASF	Sumitomo Chemical	1	1	fr	fr	0	1	1
2	2	BASF	The Economist	1	1	fr	fr	0	1	1
2	2	BASF	ThyssenKrupp	1	1	fr	fr	0	1	1
2	2	BASF	Toray Industries	1	1	fr	fr	0	1	1
2	2	BASF	Total (entreprise)	1	1	fr	fr	0	1	1
2	2	BASF	Union européenne	1	1	fr	fr	0	1	1
2	2	BASF	Volkswagen (entreprise)	1	1	fr	fr	0	1	1
2	2	BASF	Wintershall	1	1	fr	fr	0	1	1
2	2	BASF	Économie de guerre	1	1	fr	fr	0	1	1
2	2	BASF	Discussion:BASF/À faire	1	1	fr	fr	0	1	1
2	2	BASF	Wikipédia:Citez vos sources	1	1	fr	fr	0	1	1
2	2	BASF	Wikipédia:Notoriété des entreprises, sociétés et produits	1	1	fr	fr	0	1	1
2	2	BASF	Modèle:Infobox Société	1	1	fr	fr	0	1	1
2	2	BASF	Modèle:Palette DAX	1	1	fr	fr	0	1	1
2	2	BASF	Modèle:Palette Société chimie	1	1	fr	fr	0	1	1
2	2	BASF	Modèle:Ébauche/paramètres entreprise allemande	1	1	fr	fr	0	1	1
2	2	BASF	Discussion modèle:Palette DAX	1	1	fr	fr	0	1	1
2	2	BASF	Discussion modèle:Palette Société chimie	1	1	fr	fr	0	1	1
2	2	BASF	Aide:Comment modifier une page	1	1	fr	fr	0	1	1
2	2	BASF	Aide:Note	1	1	fr	fr	0	1	1
2	2	BASF	Aide:Ébauche	1	1	fr	fr	0	1	1
2	2	BASF	Catégorie:Article manquant de référence depuis juillet 2008	1	1	fr	fr	0	1	1
2	2	BASF	Catégorie:Entreprise par date de fondation	1	1	fr	fr	0	1	1
2	2	BASF	Catégorie:Forme juridique des entreprises	1	1	fr	fr	0	1	1
2	2	BASF	Catégorie:Portail:Allemagne/Articles liés	1	1	fr	fr	0	1	1
2	2	BASF	Catégorie:Portail:Chimie/Articles liés	1	1	fr	fr	0	1	1
2	2	BASF	Catégorie:Portail:Entreprises/Articles liés	1	1	fr	fr	0	1	1
2	2	BASF	Portail:Allemagne	1	1	fr	fr	0	1	1
2	2	BASF	Portail:Chimie	1	1	fr	fr	0	1	1
2	2	BASF	Portail:Entreprises	1	1	fr	fr	0	1	1
2	3	ب آ اس اف	آدیداس	1	1	fa	fa	0	1	1
2	2	ب آ اس اف	آرسلور میتال	1	1	fa	fa	0	1	1
2	2	ب آ اس اف	آسیا	1	1	fa	fa	0	1	1
2	2	ب آ اس اف	آفریقا	1	1	fa	fa	0	1	1
2	2	ب آ اس اف	آلمان	1	1	fa	fa	0	1	1
2	2	ب آ اس اف	آلیانتس	1	1	fa	fa	0	1	1
2	2	ب آ اس اف	آمریکا	1	1	fa	fa	0	1	1
2	2	ب آ اس اف	آنهویزر-بوش انبیو	1	1	fa	fa	0	1	1
2	2	ب آ اس اف	آکزونوبل	1	1	fa	fa	0	1	1
2	2	ب آ اس اف	آکسا	1	1	fa	fa	0	1	1
2	2	ب آ اس اف	ا.آن	1	1	fa	fa	0	1	1
2	2	ب آ اس اف	ار وه ئه	1	1	fa	fa	0	1	1
2	2	ب آ اس اف	اروپا	1	1	fa	fa	0	1	1
2	2	ب آ اس اف	اس آ پ	1	1	fa	fa	0	1	1
2	2	ب آ اس اف	استرالیا	1	1	fa	fa	0	1	1
2	2	ب آ اس اف	اسیلور	1	1	fa	fa	0	1	1
2	2	ب آ اس اف	اشنایدر الکتریک	1	1	fa	fa	0	1	1
2	2	ب آ اس اف	ال‌وی‌ام‌اچ	1	1	fa	fa	0	1	1
2	2	ب آ اس اف	انل	1	1	fa	fa	0	1	1
2	2	ب آ اس اف	انی	1	1	fa	fa	0	1	1
2	2	ب آ اس اف	اوونیک	1	1	fa	fa	0	1	1
2	2	ب آ اس اف	اکسان‌موبیل	1	1	fa	fa	0	1	1
2	2	ب آ اس اف	ایبردرولا	1	1	fa	fa	0	1	1
2	2	ب آ اس اف	ایر لیکوئید	1	1	fa	fa	0	1	1
2	2	ب آ اس اف	اینتسا سانپائولو	1	1	fa	fa	0	1	1
2	2	ب آ اس اف	ایندیتکس	1	1	fa	fa	0	1	1
2	2	ب آ اس اف	اینفینئون	1	1	fa	fa	0	1	1
2	2	ب آ اس اف	اینیوس	1	1	fa	fa	0	1	1
2	2	ب آ اس اف	ای‌اس‌ام‌ال هولدینگ	1	1	fa	fa	0	1	1
2	2	ب آ اس اف	ب ام و	1	1	fa	fa	0	1	1
2	2	ب آ اس اف	بازار بورس نیویورک	1	1	fa	fa	0	1	1
2	2	ب آ اس اف	بانکو بیلبائو	1	1	fa	fa	0	1	1
2	2	ب آ اس اف	بایر (شرکت)	1	1	fa	fa	0	1	1
2	2	ب آ اس اف	بایرسدورف	1	1	fa	fa	0	1	1
2	2	ب آ اس اف	براسکم	1	1	fa	fa	0	1	1
2	2	ب آ اس اف	بورس فرانکفورت	1	1	fa	fa	0	1	1
2	2	ب آ اس اف	بورس لندن	1	1	fa	fa	0	1	1
2	2	ب آ اس اف	بی‌ان‌پی پاریبا	1	1	fa	fa	0	1	1
2	2	ب آ اس اف	بی‌پی	1	1	fa	fa	0	1	1
2	2	ب آ اس اف	تلفونیکا	1	1	fa	fa	0	1	1
2	2	ب آ اس اف	توتال	1	1	fa	fa	0	1	1
2	2	ب آ اس اف	تورای	1	1	fa	fa	0	1	1
2	2	ب آ اس اف	تولیدکنندگان	1	1	fa	fa	0	1	1
2	2	ب آ اس اف	تیسن‌کروپ	1	1	fa	fa	0	1	1
2	2	ب آ اس اف	جنرالی	1	1	fa	fa	0	1	1
2	2	ب آ اس اف	جهان	1	1	fa	fa	0	1	1
2	2	ب آ اس اف	جی‌دی‌اف سوئز	1	1	fa	fa	0	1	1
2	2	ب آ اس اف	دانون	1	1	fa	fa	0	1	1
2	2	ب آ اس اف	دایملر آ گ	1	1	fa	fa	0	1	1
2	2	ب آ اس اف	دستگاه مختصات جغرافیایی	1	1	fa	fa	0	1	1
2	2	ب آ اس اف	دوپونت	1	1	fa	fa	0	1	1
2	2	ب آ اس اف	دویچه بانک	1	1	fa	fa	0	1	1
2	2	ب آ اس اف	دویچه بورزه	1	1	fa	fa	0	1	1
2	2	ب آ اس اف	دویچه تلکوم	1	1	fa	fa	0	1	1
2	2	ب آ اس اف	دویچه پست	1	1	fa	fa	0	1	1
2	2	ب آ اس اف	رویال داچ شل	1	1	fa	fa	0	1	1
2	2	ب آ اس اف	رپسول	1	1	fa	fa	0	1	1
2	2	ب آ اس اف	زبان آلمانی	1	1	fa	fa	0	1	1
2	2	ب آ اس اف	زیمنس	1	1	fa	fa	0	1	1
2	2	ب آ اس اف	سابیک	1	1	fa	fa	0	1	1
2	2	ب آ اس اف	سانتاندر گروپ	1	1	fa	fa	0	1	1
2	2	ب آ اس اف	سانوفی	1	1	fa	fa	0	1	1
2	2	ب آ اس اف	ساینوپک	1	1	fa	fa	0	1	1
2	2	ب آ اس اف	سن-گوبن	1	1	fa	fa	0	1	1
2	2	ب آ اس اف	سوسیته ژنرال	1	1	fa	fa	0	1	1
2	2	ب آ اس اف	سومیتومو کمیکال	1	1	fa	fa	0	1	1
2	2	ب آ اس اف	سی‌آراچ	1	1	fa	fa	0	1	1
2	2	ب آ اس اف	شرکت داو کمیکال	1	1	fa	fa	0	1	1
2	2	ب آ اس اف	علامت تجاری	1	1	fa	fa	0	1	1
2	2	ب آ اس اف	علم کشاورزی	1	1	fa	fa	0	1	1
2	2	ب آ اس اف	فرانس تلکوم	1	1	fa	fa	0	1	1
2	2	ب آ اس اف	فرزنیوس	1	1	fa	fa	0	1	1
2	2	ب آ اس اف	فرزنیوس مدیکال کر	1	1	fa	fa	0	1	1
2	2	ب آ اس اف	فیلیپس	1	1	fa	fa	0	1	1
2	2	ب آ اس اف	لانکسس	1	1	fa	fa	0	1	1
2	2	ب آ اس اف	لودویگسهافن	1	1	fa	fa	0	1	1
2	2	ب آ اس اف	لورئال	1	1	fa	fa	0	1	1
2	2	ب آ اس اف	لوفت‌هانزا	1	1	fa	fa	0	1	1
2	2	ب آ اس اف	لینده	1	1	fa	fa	0	1	1
2	2	ب آ اس اف	لیوندل‌باسل	1	1	fa	fa	0	1	1
2	2	ب آ اس اف	مرک	1	1	fa	fa	0	1	1
2	2	ب آ اس اف	مواد شیمیایی	1	1	fa	fa	0	1	1
2	2	ب آ اس اف	میتسوبیشی کمیکال	1	1	fa	fa	0	1	1
2	2	ب آ اس اف	میتسویی کمیکال	1	1	fa	fa	0	1	1
2	2	ب آ اس اف	میونیک ره	1	1	fa	fa	0	1	1
2	2	ب آ اس اف	نفت خام	1	1	fa	fa	0	1	1
2	2	ب آ اس اف	نوکیا	1	1	fa	fa	0	1	1
2	2	ب آ اس اف	هایدلبرگ‌سمنت	1	1	fa	fa	0	1	1
2	2	ب آ اس اف	هنکل	1	1	fa	fa	0	1	1
2	2	ب آ اس اف	وینچی	1	1	fa	fa	0	1	1
2	2	ب آ اس اف	ویوندی	1	1	fa	fa	0	1	1
2	2	ب آ اس اف	پلاستیک	1	1	fa	fa	0	1	1
2	2	ب آ اس اف	کا+اس	1	1	fa	fa	0	1	1
2	2	ب آ اس اف	کاتالیزور	1	1	fa	fa	0	1	1
2	2	ب آ اس اف	کارفور	1	1	fa	fa	0	1	1
2	2	ب آ اس اف	کومرتس‌بانک	1	1	fa	fa	0	1	1
2	2	ب آ اس اف	کونتیننتال آ گ	1	1	fa	fa	0	1	1
2	2	ب آ اس اف	گاز طبیعی	1	1	fa	fa	0	1	1
2	2	ب آ اس اف	گروه فولکس‌واگن	1	1	fa	fa	0	1	1
2	2	ب آ اس اف	یورو	1	1	fa	fa	0	1	1
2	2	ب آ اس اف	یورو استاکس ۵۰	1	1	fa	fa	0	1	1
2	2	ب آ اس اف	یونیبیل-رودآمکو	1	1	fa	fa	0	1	1
2	2	ب آ اس اف	یونیلور	1	1	fa	fa	0	1	1
2	2	ب آ اس اف	یونی‌کردیت	1	1	fa	fa	0	1	1
2	2	ب آ اس اف	۱۸۶۵ (میلادی)	1	1	fa	fa	0	1	1
2	2	ب آ اس اف	الگو:شرکت‌های دکس	1	1	fa	fa	0	1	1
2	2	ب آ اس اف	الگو:شرکت‌های شیمیایی	1	1	fa	fa	0	1	1
2	2	ب آ اس اف	الگو:شرکت‌های یورو استاکس ۵۰	1	1	fa	fa	0	1	1
2	2	ب آ اس اف	بحث الگو:شرکت‌های دکس	1	1	fa	fa	0	1	1
2	2	ب آ اس اف	بحث الگو:شرکت‌های شیمیایی	1	1	fa	fa	0	1	1
2	2	ب آ اس اف	بحث الگو:شرکت‌های یورو استاکس ۵۰	1	1	fa	fa	0	1	1
2	3	BASF	BASF Plant Science	1	1	el	el	0	1	1
2	2	BASF	IG Farben	1	1	el	el	0	1	1
2	2	BASF	ΒΠΠ	1	1	el	el	0	1	1
2	2	BASF	Γερμανία	1	1	el	el	0	1	1
2	2	BASF	Γεωγραφικές συντεταγμένες	1	1	el	el	0	1	1
2	2	BASF	Λούντβιχσχαφεν	1	1	el	el	0	1	1
2	2	BASF	Μανχάιμ	1	1	el	el	0	1	1
2	2	BASF	Βικιπαίδεια:Λήμματα προς επέκταση	1	1	el	el	0	1	1
2	3	BASF	Akcia societo	1	1	eo	eo	0	1	1
2	2	BASF	Kemio	1	1	eo	eo	0	1	1
2	2	BASF	Konzerno	1	1	eo	eo	0	1	1
2	2	BASF	Ludwigshafen	1	1	eo	eo	0	1	1
2	2	BASF	Neta profito	1	1	eo	eo	0	1	1
2	2	BASF	Transnacia firmao	1	1	eo	eo	0	1	1
2	2	BASF	Vendosumo	1	1	eo	eo	0	1	1
2	3	BASF	AEG	1	1	en	en	0	1	1
2	2	BASF	ASML Holding	1	1	en	en	0	1	1
2	2	BASF	AXA	1	1	en	en	0	1	1
2	2	BASF	Adidas	1	1	en	en	0	1	1
2	2	BASF	Adolf Hitler	1	1	en	en	0	1	1
2	2	BASF	Africa	1	1	en	en	0	1	1
2	2	BASF	Agfa-Gevaert	1	1	en	en	0	1	1
2	2	BASF	Agricultural science	1	1	en	en	0	1	1
2	2	BASF	Air Liquide	1	1	en	en	0	1	1
2	2	BASF	Alizarin	1	1	en	en	0	1	1
2	2	BASF	Allianz	1	1	en	en	0	1	1
2	2	BASF	Allies of World War II	1	1	en	en	0	1	1
2	2	BASF	American Depositary Receipt	1	1	en	en	0	1	1
2	2	BASF	American IG	1	1	en	en	0	1	1
2	2	BASF	Americas	1	1	en	en	0	1	1
2	2	BASF	Amflora	1	1	en	en	0	1	1
2	2	BASF	Ammonia	1	1	en	en	0	1	1
2	2	BASF	Anheuser-Busch InBev	1	1	en	en	0	1	1
2	2	BASF	Anhydrite	1	1	en	en	0	1	1
2	2	BASF	Aniline	1	1	en	en	0	1	1
2	2	BASF	Arcelor Mittal	1	1	en	en	0	1	1
2	2	BASF	Argentina	1	1	en	en	0	1	1
2	2	BASF	Asia	1	1	en	en	0	1	1
2	2	BASF	Asset	1	1	en	en	0	1	1
2	2	BASF	Assicurazioni Generali	1	1	en	en	0	1	1
2	2	BASF	Australia	1	1	en	en	0	1	1
2	2	BASF	BASF Plant Science	1	1	en	en	0	1	1
2	2	BASF	BBVA	1	1	en	en	0	1	1
2	2	BASF	BMW	1	1	en	en	0	1	1
2	2	BASF	BNP Paribas	1	1	en	en	0	1	1
2	2	BASF	Baden	1	1	en	en	0	1	1
2	2	BASF	Banco Santander	1	1	en	en	0	1	1
2	2	BASF	Bayer AG	1	1	en	en	0	1	1
2	2	BASF	Beiersdorf	1	1	en	en	0	1	1
2	2	BASF	Belgium	1	1	en	en	0	1	1
2	2	BASF	Berlin	1	1	en	en	0	1	1
2	2	BASF	BlackRock	1	1	en	en	0	1	1
2	2	BASF	Brazil	1	1	en	en	0	1	1
2	2	BASF	Buna Werke	1	1	en	en	0	1	1
2	2	BASF	CRH plc	1	1	en	en	0	1	1
2	2	BASF	Carl Bosch	1	1	en	en	0	1	1
2	2	BASF	Carl Duisberg	1	1	en	en	0	1	1
2	2	BASF	Carl Krauch	1	1	en	en	0	1	1
2	2	BASF	Carl Lautenschläger	1	1	en	en	0	1	1
2	2	BASF	Carl Wurster	1	1	en	en	0	1	1
2	2	BASF	Carrefour	1	1	en	en	0	1	1
2	2	BASF	Cassella Farbwerke Mainkur Aktiengesellschaft	1	1	en	en	0	1	1
2	2	BASF	Catalyst	1	1	en	en	0	1	1
2	2	BASF	Catalytic converter	1	1	en	en	0	1	1
2	2	BASF	Chairman	1	1	en	en	0	1	1
2	2	BASF	Chemical industry	1	1	en	en	0	1	1
2	2	BASF	Chief executive officer	1	1	en	en	0	1	1
2	2	BASF	China	1	1	en	en	0	1	1
2	2	BASF	Chloroquine	1	1	en	en	0	1	1
2	2	BASF	Christian Schneider	1	1	en	en	0	1	1
2	2	BASF	Chromium	1	1	en	en	0	1	1
2	2	BASF	Ciba	1	1	en	en	0	1	1
2	2	BASF	Coating	1	1	en	en	0	1	1
2	2	BASF	Coatings	1	1	en	en	0	1	1
2	2	BASF	Commerzbank	1	1	en	en	0	1	1
2	2	BASF	Commonwealth Railway	1	1	en	en	0	1	1
2	2	BASF	Concentration camps	1	1	en	en	0	1	1
2	2	BASF	Contact process	1	1	en	en	0	1	1
2	2	BASF	Continental AG	1	1	en	en	0	1	1
2	2	BASF	Crude oil	1	1	en	en	0	1	1
2	2	BASF	DAX	1	1	en	en	0	1	1
2	2	BASF	Daimler AG	1	1	en	en	0	1	1
2	2	BASF	Degussa	1	1	en	en	0	1	1
2	2	BASF	Deutsche Bank	1	1	en	en	0	1	1
2	2	BASF	Deutsche Börse	1	1	en	en	0	1	1
2	2	BASF	Deutsche Post	1	1	en	en	0	1	1
2	2	BASF	Deutsche Telekom	1	1	en	en	0	1	1
2	2	BASF	Dye	1	1	en	en	0	1	1
2	2	BASF	E.ON	1	1	en	en	0	1	1
2	2	BASF	EMTEC	1	1	en	en	0	1	1
2	2	BASF	Earnings before interest and taxes	1	1	en	en	0	1	1
2	2	BASF	Eastern Europe	1	1	en	en	0	1	1
2	2	BASF	Effluent	1	1	en	en	0	1	1
2	2	BASF	Enel	1	1	en	en	0	1	1
2	2	BASF	Engelhard	1	1	en	en	0	1	1
2	2	BASF	Eni	1	1	en	en	0	1	1
2	2	BASF	Eosin	1	1	en	en	0	1	1
2	2	BASF	Equity (finance)	1	1	en	en	0	1	1
2	2	BASF	Essilor	1	1	en	en	0	1	1
2	2	BASF	Euro	1	1	en	en	0	1	1
2	2	BASF	Euro Stoxx 50	1	1	en	en	0	1	1
2	2	BASF	Europe	1	1	en	en	0	1	1
2	2	BASF	European Commissioner for Competition	1	1	en	en	0	1	1
2	2	BASF	European Company Statute	1	1	en	en	0	1	1
2	2	BASF	Explosive	1	1	en	en	0	1	1
2	2	BASF	Fertilizer	1	1	en	en	0	1	1
2	2	BASF	Fipronil	1	1	en	en	0	1	1
2	2	BASF	France	1	1	en	en	0	1	1
2	2	BASF	France Télécom	1	1	en	en	0	1	1
2	2	BASF	Frankfurt Stock Exchange	1	1	en	en	0	1	1
2	2	BASF	Fresenius (company)	1	1	en	en	0	1	1
2	2	BASF	Fresenius Medical Care	1	1	en	en	0	1	1
2	2	BASF	Friedrich Engelhorn	1	1	en	en	0	1	1
2	2	BASF	Fritz Gajewski	1	1	en	en	0	1	1
2	2	BASF	Fritz ter Meer	1	1	en	en	0	1	1
2	2	BASF	Fuel	1	1	en	en	0	1	1
2	2	BASF	Functional polymers	1	1	en	en	0	1	1
2	2	BASF	Fungicides	1	1	en	en	0	1	1
2	2	BASF	GDF Suez	1	1	en	en	0	1	1
2	2	BASF	GMO	1	1	en	en	0	1	1
2	2	BASF	Gasworks	1	1	en	en	0	1	1
2	2	BASF	Gazprom	1	1	en	en	0	1	1
2	2	BASF	Geographic coordinate system	1	1	en	en	0	1	1
2	2	BASF	Georg von Schnitzler	1	1	en	en	0	1	1
2	2	BASF	German economic miracle	1	1	en	en	0	1	1
2	2	BASF	German reunification	1	1	en	en	0	1	1
2	2	BASF	Germany	1	1	en	en	0	1	1
2	2	BASF	Groupe Danone	1	1	en	en	0	1	1
2	2	BASF	Gypsum	1	1	en	en	0	1	1
2	2	BASF	Haber process	1	1	en	en	0	1	1
2	2	BASF	Hannibal, Missouri	1	1	en	en	0	1	1
2	2	BASF	Hans Kühne	1	1	en	en	0	1	1
2	2	BASF	HeidelbergCement	1	1	en	en	0	1	1
2	2	BASF	Heinrich Bütefisch	1	1	en	en	0	1	1
2	2	BASF	Heinrich Caro	1	1	en	en	0	1	1
2	2	BASF	Heinrich Gattineau	1	1	en	en	0	1	1
2	2	BASF	Heinrich Oster	1	1	en	en	0	1	1
2	2	BASF	Henkel	1	1	en	en	0	1	1
2	2	BASF	Herbicides	1	1	en	en	0	1	1
2	2	BASF	Herbol	1	1	en	en	0	1	1
2	2	BASF	Hermann Schmitz (industrialist)	1	1	en	en	0	1	1
2	2	BASF	Hexavalent chromium	1	1	en	en	0	1	1
2	2	BASF	Hoechst AG	1	1	en	en	0	1	1
2	2	BASF	Hydrocarbon exploration	1	1	en	en	0	1	1
2	2	BASF	IG Farben	1	1	en	en	0	1	1
2	2	BASF	IG Farben Building	1	1	en	en	0	1	1
2	2	BASF	IG Farben Trial	1	1	en	en	0	1	1
2	2	BASF	Iberdrola	1	1	en	en	0	1	1
2	2	BASF	India	1	1	en	en	0	1	1
2	2	BASF	Indigo dye	1	1	en	en	0	1	1
2	2	BASF	Inditex	1	1	en	en	0	1	1
2	2	BASF	Industrial gas	1	1	en	en	0	1	1
2	2	BASF	Infineon Technologies	1	1	en	en	0	1	1
2	2	BASF	Insecticides	1	1	en	en	0	1	1
2	2	BASF	Institutional investor	1	1	en	en	0	1	1
2	2	BASF	Internationale Funkausstellung Berlin	1	1	en	en	0	1	1
2	2	BASF	Intesa Sanpaolo	1	1	en	en	0	1	1
2	2	BASF	Italy	1	1	en	en	0	1	1
2	2	BASF	Japan	1	1	en	en	0	1	1
2	2	BASF	Joint ventures	1	1	en	en	0	1	1
2	2	BASF	K+S	1	1	en	en	0	1	1
2	2	BASF	Kohnstein	1	1	en	en	0	1	1
2	2	BASF	L'Oréal	1	1	en	en	0	1	1
2	2	BASF	LVMH	1	1	en	en	0	1	1
2	2	BASF	Lanxess	1	1	en	en	0	1	1
2	2	BASF	Lead chamber process	1	1	en	en	0	1	1
2	2	BASF	Leblanc process	1	1	en	en	0	1	1
2	2	BASF	Liebig Medal	1	1	en	en	0	1	1
2	2	BASF	London Stock Exchange	1	1	en	en	0	1	1
2	2	BASF	Ludwigshafen	1	1	en	en	0	1	1
2	2	BASF	Ludwigshafen-Oppau	1	1	en	en	0	1	1
2	2	BASF	Lufthansa	1	1	en	en	0	1	1
2	2	BASF	Magnetophon	1	1	en	en	0	1	1
2	2	BASF	Mangalore	1	1	en	en	0	1	1
2	2	BASF	Mannheim	1	1	en	en	0	1	1
2	2	BASF	Max Ilgner	1	1	en	en	0	1	1
2	2	BASF	Merck KGaA	1	1	en	en	0	1	1
2	2	BASF	Methylene blue	1	1	en	en	0	1	1
2	2	BASF	Mexico	1	1	en	en	0	1	1
2	2	BASF	Mississippi River	1	1	en	en	0	1	1
2	2	BASF	Missouri Department of Natural Resources	1	1	en	en	0	1	1
2	2	BASF	Monopoly	1	1	en	en	0	1	1
2	2	BASF	Monowitz concentration camp	1	1	en	en	0	1	1
2	2	BASF	Monsanto Company	1	1	en	en	0	1	1
2	2	BASF	Munich Re	1	1	en	en	0	1	1
2	2	BASF	Nanjing	1	1	en	en	0	1	1
2	2	BASF	Natural gas	1	1	en	en	0	1	1
2	2	BASF	Nazi Germany	1	1	en	en	0	1	1
2	2	BASF	Net income	1	1	en	en	0	1	1
2	2	BASF	New York Stock Exchange	1	1	en	en	0	1	1
2	2	BASF	Nitrile rubber	1	1	en	en	0	1	1
2	2	BASF	Nokia	1	1	en	en	0	1	1
2	2	BASF	Non-executive director	1	1	en	en	0	1	1
2	2	BASF	Novartis	1	1	en	en	0	1	1
2	2	BASF	Nutrigenomics	1	1	en	en	0	1	1
2	2	BASF	Nylon	1	1	en	en	0	1	1
2	2	BASF	OTC Markets Group	1	1	en	en	0	1	1
2	2	BASF	Oppau explosion	1	1	en	en	0	1	1
2	2	BASF	Otto Ambros	1	1	en	en	0	1	1
2	2	BASF	Paper chemicals	1	1	en	en	0	1	1
2	2	BASF	Pesticides	1	1	en	en	0	1	1
2	2	BASF	Pharmaceutical	1	1	en	en	0	1	1
2	2	BASF	Philips	1	1	en	en	0	1	1
2	2	BASF	Plastic	1	1	en	en	0	1	1
2	2	BASF	Polyacetal	1	1	en	en	0	1	1
2	2	BASF	Polyamide	1	1	en	en	0	1	1
2	2	BASF	Polybutylene terephthalate	1	1	en	en	0	1	1
2	2	BASF	Polyethersulfone	1	1	en	en	0	1	1
2	2	BASF	Polylactic acid	1	1	en	en	0	1	1
2	2	BASF	Polystyrene	1	1	en	en	0	1	1
2	2	BASF	Polysulfone	1	1	en	en	0	1	1
2	2	BASF	Polyurethane	1	1	en	en	0	1	1
2	2	BASF	Portsmouth, Virginia	1	1	en	en	0	1	1
2	2	BASF	Prontosil	1	1	en	en	0	1	1
2	2	BASF	RWE	1	1	en	en	0	1	1
2	2	BASF	Repsol S.A.	1	1	en	en	0	1	1
2	2	BASF	Resin	1	1	en	en	0	1	1
2	2	BASF	Reuters	1	1	en	en	0	1	1
2	2	BASF	Rhine	1	1	en	en	0	1	1
2	2	BASF	Rhineland-Palatinate	1	1	en	en	0	1	1
2	2	BASF	Rubber	1	1	en	en	0	1	1
2	2	BASF	Rubia	1	1	en	en	0	1	1
2	2	BASF	SAP AG	1	1	en	en	0	1	1
2	2	BASF	Saint-Gobain	1	1	en	en	0	1	1
2	2	BASF	Sanofi	1	1	en	en	0	1	1
2	2	BASF	Schneider Electric	1	1	en	en	0	1	1
2	2	BASF	Schwarzheide	1	1	en	en	0	1	1
2	2	BASF	Shanghai	1	1	en	en	0	1	1
2	2	BASF	Siemens	1	1	en	en	0	1	1
2	2	BASF	Slave labor	1	1	en	en	0	1	1
2	2	BASF	Société Générale	1	1	en	en	0	1	1
2	2	BASF	Sodium carbonate	1	1	en	en	0	1	1
2	2	BASF	Solvay (company)	1	1	en	en	0	1	1
2	2	BASF	Solvay process	1	1	en	en	0	1	1
2	2	BASF	Spain	1	1	en	en	0	1	1
2	2	BASF	Subsidiary	1	1	en	en	0	1	1
2	2	BASF	Sulfuric acid	1	1	en	en	0	1	1
2	2	BASF	Supervisory board	1	1	en	en	0	1	1
2	2	BASF	Tape recorder	1	1	en	en	0	1	1
2	2	BASF	Tar	1	1	en	en	0	1	1
2	2	BASF	Telefónica	1	1	en	en	0	1	1
2	2	BASF	The Linde Group	1	1	en	en	0	1	1
2	2	BASF	ThyssenKrupp	1	1	en	en	0	1	1
2	2	BASF	Ticker symbol	1	1	en	en	0	1	1
2	2	BASF	Total SA	1	1	en	en	0	1	1
2	2	BASF	Trademark	1	1	en	en	0	1	1
2	2	BASF	Types of business entity	1	1	en	en	0	1	1
2	2	BASF	UniCredit	1	1	en	en	0	1	1
2	2	BASF	Unibail-Rodamco	1	1	en	en	0	1	1
2	2	BASF	Unilever	1	1	en	en	0	1	1
2	2	BASF	United Kingdom	1	1	en	en	0	1	1
2	2	BASF	United States	1	1	en	en	0	1	1
2	2	BASF	Vinci (construction)	1	1	en	en	0	1	1
2	2	BASF	Vivendi	1	1	en	en	0	1	1
2	2	BASF	Volkswagen Group	1	1	en	en	0	1	1
2	2	BASF	Wilhelm Rudolf Mann	1	1	en	en	0	1	1
2	2	BASF	William Henry Perkin	1	1	en	en	0	1	1
2	2	BASF	Wintershall	1	1	en	en	0	1	1
2	2	BASF	World War II	1	1	en	en	0	1	1
2	2	BASF	Zurich Stock Exchange	1	1	en	en	0	1	1
2	2	BASF	Zyklon-B	1	1	en	en	0	1	1
2	2	BASF	Zyklon B	1	1	en	en	0	1	1
2	2	BASF	Talk:BASF	1	1	en	en	0	1	1
2	2	BASF	Wikipedia:Neutral point of view	1	1	en	en	0	1	1
2	2	BASF	Template:DAX companies	1	1	en	en	0	1	1
2	2	BASF	Template:Euro Stoxx 50 Companies	1	1	en	en	0	1	1
2	2	BASF	Template:IG Farben	1	1	en	en	0	1	1
2	2	BASF	Template:Portal/Images/Companies	1	1	en	en	0	1	1
2	2	BASF	Template talk:DAX companies	1	1	en	en	0	1	1
2	2	BASF	Template talk:Euro Stoxx 50 Companies	1	1	en	en	0	1	1
2	2	BASF	Template talk:IG Farben	1	1	en	en	0	1	1
2	2	BASF	Category:Articles needing POV-check from August 2009	1	1	en	en	0	1	1
2	2	BASF	Category:IG Farben	1	1	en	en	0	1	1
2	2	BASF	Category:IG Farben people	1	1	en	en	0	1	1
2	2	BASF	Category:Use dmy dates from December 2012	1	1	en	en	0	1	1
2	2	BASF	Portal:Companies	1	1	en	en	0	1	1
2	3	BASF	1865	1	1	es	es	0	1	1
2	2	BASF	1925	1	1	es	es	0	1	1
2	2	BASF	1945	1	1	es	es	0	1	1
2	2	BASF	Activo (contabilidad)	1	1	es	es	0	1	1
2	2	BASF	Agronomía	1	1	es	es	0	1	1
2	2	BASF	Alemania	1	1	es	es	0	1	1
2	2	BASF	Anilina	1	1	es	es	0	1	1
2	2	BASF	Bicarbonato de sodio	1	1	es	es	0	1	1
2	2	BASF	Capital social	1	1	es	es	0	1	1
2	2	BASF	Catalizador	1	1	es	es	0	1	1
2	2	BASF	Dow Chemical Company	1	1	es	es	0	1	1
2	2	BASF	DuPont	1	1	es	es	0	1	1
2	2	BASF	EMTEC	1	1	es	es	0	1	1
2	2	BASF	Empresa	1	1	es	es	0	1	1
2	2	BASF	Euro	1	1	es	es	0	1	1
2	2	BASF	Friedrich Engelhorn	1	1	es	es	0	1	1
2	2	BASF	Gas natural	1	1	es	es	0	1	1
2	2	BASF	IG Farben	1	1	es	es	0	1	1
2	2	BASF	ISBN	1	1	es	es	0	1	1
2	2	BASF	Industria	1	1	es	es	0	1	1
2	2	BASF	Ludwigshafen	1	1	es	es	0	1	1
2	2	BASF	Petroquímica	1	1	es	es	0	1	1
2	2	BASF	Petróleo	1	1	es	es	0	1	1
2	2	BASF	Plástico	1	1	es	es	0	1	1
2	2	BASF	Recubrimiento	1	1	es	es	0	1	1
2	2	BASF	Renania-Palatinado	1	1	es	es	0	1	1
2	2	BASF	Segunda Guerra Mundial	1	1	es	es	0	1	1
2	2	BASF	Sitio web	1	1	es	es	0	1	1
2	2	BASF	Tinte	1	1	es	es	0	1	1
2	2	BASF	Wikimedia Commons	1	1	es	es	0	1	1
2	3	BASF	1865	1	1	ca	ca	0	1	1
2	2	BASF	1925	1	1	ca	ca	0	1	1
2	2	BASF	1945	1	1	ca	ca	0	1	1
2	2	BASF	Adidas	1	1	ca	ca	0	1	1
2	2	BASF	Alemanya	1	1	ca	ca	0	1	1
2	2	BASF	Allianz	1	1	ca	ca	0	1	1
2	2	BASF	Anilina	1	1	ca	ca	0	1	1
2	2	BASF	BMW	1	1	ca	ca	0	1	1
2	2	BASF	Bayer	1	1	ca	ca	0	1	1
2	2	BASF	Beiersdorf	1	1	ca	ca	0	1	1
2	2	BASF	Bicarbonat de sodi	1	1	ca	ca	0	1	1
2	2	BASF	Borsa de Frankfurt	1	1	ca	ca	0	1	1
2	2	BASF	Borsa de Londres	1	1	ca	ca	0	1	1
2	2	BASF	Commerzbank	1	1	ca	ca	0	1	1
2	2	BASF	DAX	1	1	ca	ca	0	1	1
2	2	BASF	Daimler AG	1	1	ca	ca	0	1	1
2	2	BASF	Deutsche Bank	1	1	ca	ca	0	1	1
2	2	BASF	Deutsche Börse	1	1	ca	ca	0	1	1
2	2	BASF	Deutsche Post	1	1	ca	ca	0	1	1
2	2	BASF	Deutsche Telekom	1	1	ca	ca	0	1	1
2	2	BASF	Dow Chemical Company	1	1	ca	ca	0	1	1
2	2	BASF	DuPont	1	1	ca	ca	0	1	1
2	2	BASF	E.ON	1	1	ca	ca	0	1	1
2	2	BASF	Empresa	1	1	ca	ca	0	1	1
2	2	BASF	Fresenius Medical Care	1	1	ca	ca	0	1	1
2	2	BASF	Fresenius SE	1	1	ca	ca	0	1	1
2	2	BASF	Friedrich Engelhorn	1	1	ca	ca	0	1	1
2	2	BASF	Henkel	1	1	ca	ca	0	1	1
2	2	BASF	IG Farben	1	1	ca	ca	0	1	1
2	2	BASF	Infineon Technologies	1	1	ca	ca	0	1	1
2	2	BASF	K+S	1	1	ca	ca	0	1	1
2	2	BASF	Ludwigshafen	1	1	ca	ca	0	1	1
2	2	BASF	Lufthansa	1	1	ca	ca	0	1	1
2	2	BASF	MAN SE	1	1	ca	ca	0	1	1
2	2	BASF	Merck KGaA	1	1	ca	ca	0	1	1
2	2	BASF	Metro AG	1	1	ca	ca	0	1	1
2	2	BASF	Munich Re	1	1	ca	ca	0	1	1
2	2	BASF	RWE	1	1	ca	ca	0	1	1
2	2	BASF	SAP AG	1	1	ca	ca	0	1	1
2	2	BASF	Salzgitter AG	1	1	ca	ca	0	1	1
2	2	BASF	Segona Guerra Mundial	1	1	ca	ca	0	1	1
2	2	BASF	Siemens AG	1	1	ca	ca	0	1	1
2	2	BASF	The Linde Group	1	1	ca	ca	0	1	1
2	2	BASF	ThyssenKrupp	1	1	ca	ca	0	1	1
2	2	BASF	Tint	1	1	ca	ca	0	1	1
2	2	BASF	Volkswagen Group	1	1	ca	ca	0	1	1
2	2	BASF	Plantilla:Bandera/Germany	1	1	ca	ca	0	1	1
2	2	BASF	Plantilla:Empreses DAX	1	1	ca	ca	0	1	1
2	3	BASF	1865	1	1	bg	bg	0	1	1
2	2	BASF	2009	1	1	bg	bg	0	1	1
2	2	BASF	6 април	1	1	bg	bg	0	1	1
2	2	BASF	Газпром	1	1	bg	bg	0	1	1
2	2	BASF	Германия	1	1	bg	bg	0	1	1
2	2	BASF	Компания	1	1	bg	bg	0	1	1
2	2	BASF	Концерн	1	1	bg	bg	0	1	1
2	2	BASF	Лудвигсхафен	1	1	bg	bg	0	1	1
2	2	BASF	Райнланд-Пфалц	1	1	bg	bg	0	1	1
2	2	BASF	Химия	1	1	bg	bg	0	1	1
2	3	BASF	1865	1	1	be	be	0	1	1
2	2	BASF	6 красавіка	1	1	be	be	0	1	1
2	2	BASF	AXA	1	1	be	be	0	1	1
2	2	BASF	AXA SA	1	1	be	be	0	1	1
2	2	BASF	Adidas	1	1	be	be	0	1	1
2	2	BASF	Aegon	1	1	be	be	0	1	1
2	2	BASF	Air Liquide	1	1	be	be	0	1	1
2	2	BASF	Alcatel-Lucent	1	1	be	be	0	1	1
2	2	BASF	Allianz	1	1	be	be	0	1	1
2	2	BASF	Allianz AG	1	1	be	be	0	1	1
2	2	BASF	ArcelorMittal	1	1	be	be	0	1	1
2	2	BASF	Assicurazioni Generali	1	1	be	be	0	1	1
2	2	BASF	BBVA	1	1	be	be	0	1	1
2	2	BASF	BMW	1	1	be	be	0	1	1
2	2	BASF	BNP Paribas	1	1	be	be	0	1	1
2	2	BASF	Bayer	1	1	be	be	0	1	1
2	2	BASF	Beiersdorf	1	1	be	be	0	1	1
2	2	BASF	Bertrandt	1	1	be	be	0	1	1
2	2	BASF	Carrefour	1	1	be	be	0	1	1
2	2	BASF	Commerzbank	1	1	be	be	0	1	1
2	2	BASF	Crédit Agricole	1	1	be	be	0	1	1
2	2	BASF	DAX	1	1	be	be	0	1	1
2	2	BASF	Daimler	1	1	be	be	0	1	1
2	2	BASF	Danone	1	1	be	be	0	1	1
2	2	BASF	Deutsche Bank	1	1	be	be	0	1	1
2	2	BASF	Deutsche Börse	1	1	be	be	0	1	1
2	2	BASF	Deutsche Post	1	1	be	be	0	1	1
2	2	BASF	Deutsche Telekom	1	1	be	be	0	1	1
2	2	BASF	Dow Jones Euro Stoxx 50	1	1	be	be	0	1	1
2	2	BASF	E.ON	1	1	be	be	0	1	1
2	2	BASF	ENEL	1	1	be	be	0	1	1
2	2	BASF	Eni	1	1	be	be	0	1	1
2	2	BASF	Fortis	1	1	be	be	0	1	1
2	2	BASF	France Télécom	1	1	be	be	0	1	1
2	2	BASF	Fresenius	1	1	be	be	0	1	1
2	2	BASF	Fresenius SE	1	1	be	be	0	1	1
2	2	BASF	GDF Suez	1	1	be	be	0	1	1
2	2	BASF	General Capital Group	1	1	be	be	0	1	1
2	2	BASF	Grupo Santander	1	1	be	be	0	1	1
2	2	BASF	Hannover Re	1	1	be	be	0	1	1
2	2	BASF	Henkel	1	1	be	be	0	1	1
2	2	BASF	IG Farben	1	1	be	be	0	1	1
2	2	BASF	ING Groep N.V.	1	1	be	be	0	1	1
2	2	BASF	Iberdrola	1	1	be	be	0	1	1
2	2	BASF	Intesa Sanpaolo	1	1	be	be	0	1	1
2	2	BASF	K+S	1	1	be	be	0	1	1
2	2	BASF	L'Oréal	1	1	be	be	0	1	1
2	2	BASF	LVMH	1	1	be	be	0	1	1
2	2	BASF	Lufthansa	1	1	be	be	0	1	1
2	2	BASF	MAN	1	1	be	be	0	1	1
2	2	BASF	Merck KGaA	1	1	be	be	0	1	1
2	2	BASF	Metro AG	1	1	be	be	0	1	1
2	2	BASF	Munich Re	1	1	be	be	0	1	1
2	2	BASF	Nokia	1	1	be	be	0	1	1
2	2	BASF	Philips	1	1	be	be	0	1	1
2	2	BASF	RWE	1	1	be	be	0	1	1
2	2	BASF	Renault	1	1	be	be	0	1	1
2	2	BASF	Repsol YPF	1	1	be	be	0	1	1
2	2	BASF	SAP	1	1	be	be	0	1	1
2	2	BASF	Saint-Gobain	1	1	be	be	0	1	1
2	2	BASF	Salzgitter AG	1	1	be	be	0	1	1
2	2	BASF	Sanofi-Aventis	1	1	be	be	0	1	1
2	2	BASF	Schneider Electric	1	1	be	be	0	1	1
2	2	BASF	Siemens	1	1	be	be	0	1	1
2	2	BASF	Société Générale	1	1	be	be	0	1	1
2	2	BASF	Telecom Italia	1	1	be	be	0	1	1
2	2	BASF	Telefónica	1	1	be	be	0	1	1
2	2	BASF	The Linde Group	1	1	be	be	0	1	1
2	2	BASF	ThyssenKrupp	1	1	be	be	0	1	1
2	2	BASF	Total	1	1	be	be	0	1	1
2	2	BASF	UniCredit	1	1	be	be	0	1	1
2	2	BASF	Unilever	1	1	be	be	0	1	1
2	2	BASF	Vinci	1	1	be	be	0	1	1
2	2	BASF	Vivendi	1	1	be	be	0	1	1
2	2	BASF	Volkswagen Group	1	1	be	be	0	1	1
2	2	BASF	Істытуцыянальны фундатар	1	1	be	be	0	1	1
2	2	BASF	Анілін	1	1	be	be	0	1	1
2	2	BASF	Выручка	1	1	be	be	0	1	1
2	2	BASF	ВікіСховішча	1	1	be	be	0	1	1
2	2	BASF	Геаграфічныя каардынаты	1	1	be	be	0	1	1
2	2	BASF	Германія	1	1	be	be	0	1	1
2	2	BASF	Гідракарбанат натрыю	1	1	be	be	0	1	1
2	2	BASF	Еўра	1	1	be	be	0	1	1
2	2	BASF	Еўрапейская кампанія	1	1	be	be	0	1	1
2	2	BASF	Землі Германіі	1	1	be	be	0	1	1
2	2	BASF	Людвігсхафен	1	1	be	be	0	1	1
2	2	BASF	Лістынг, эканоміка	1	1	be	be	0	1	1
2	2	BASF	Нью-Ёркская фондавая біржа	1	1	be	be	0	1	1
2	2	BASF	Нямецкая мова	1	1	be	be	0	1	1
2	2	BASF	Палімер	1	1	be	be	0	1	1
2	2	BASF	Пластык	1	1	be	be	0	1	1
2	2	BASF	Прадукт, бізнес	1	1	be	be	0	1	1
2	2	BASF	Рэйнланд-Пфальц	1	1	be	be	0	1	1
2	2	BASF	Сайт	1	1	be	be	0	1	1
2	2	BASF	Франкфурцкая фондавая біржа	1	1	be	be	0	1	1
2	2	BASF	Хімічная прамысловасць	1	1	be	be	0	1	1
2	2	BASF	Хімія	1	1	be	be	0	1	1
2	2	BASF	Чысты прыбытак	1	1	be	be	0	1	1
2	2	BASF	Штаб-кватэра	1	1	be	be	0	1	1
2	2	BASF	Юрыдычная асоба	1	1	be	be	0	1	1
2	3	BASF	2. verdenskrig	1	1	da	da	0	1	1
2	2	BASF	Agfa	1	1	da	da	0	1	1
2	2	BASF	Bayer	1	1	da	da	0	1	1
2	2	BASF	Hoechst	1	1	da	da	0	1	1
2	2	BASF	I.G. Farben	1	1	da	da	0	1	1
2	2	BASF	Koncern	1	1	da	da	0	1	1
2	2	BASF	Produkt (marketing)	1	1	da	da	0	1	1
2	2	BASF	Selskabsform	1	1	da	da	0	1	1
2	3	BASF	1865	1	1	cs	cs	0	1	1
2	2	BASF	2009	1	1	cs	cs	0	1	1
2	2	BASF	Friedrich Engelhorn	1	1	cs	cs	0	1	1
2	2	BASF	Geneticky modifikovaný organismus	1	1	cs	cs	0	1	1
2	2	BASF	Ludwigshafen	1	1	cs	cs	0	1	1
2	2	BASF	Mannheim	1	1	cs	cs	0	1	1
2	2	BASF	Německo	1	1	cs	cs	0	1	1
2	2	BASF	Pesticid	1	1	cs	cs	0	1	1
2	2	BASF	Plast	1	1	cs	cs	0	1	1
2	2	BASF	Rýn	1	1	cs	cs	0	1	1
2	2	BASF	Diskuse:BASF	1	1	cs	cs	0	1	1
2	2	BASF	Wikipedie:Pahýl	1	1	cs	cs	0	1	1
2	2	BASF	Wikipedie:WikiProjekt Překlad/Rady	1	1	cs	cs	0	1	1
2	3	باسف	Jürgen F. Strube	1	1	ar	ar	0	1	1
2	2	باسف	ألمانيا	1	1	ar	ar	0	1	1
2	2	باسف	إيصالات الإيداع الأمريكية	1	1	ar	ar	0	1	1
2	2	باسف	استكشاف الهيدروكربونات	1	1	ar	ar	0	1	1
2	2	باسف	الأرباح	1	1	ar	ar	0	1	1
2	2	باسف	بورصة زيورخ	1	1	ar	ar	0	1	1
2	2	باسف	بورصة فرانكفورت	1	1	ar	ar	0	1	1
2	2	باسف	بورصة لندن	1	1	ar	ar	0	1	1
2	2	باسف	بورصة نيويورك	1	1	ar	ar	0	1	1
2	2	باسف	تحفيز	1	1	ar	ar	0	1	1
2	2	باسف	تصنيع	1	1	ar	ar	0	1	1
2	2	باسف	رئيس مجلس	1	1	ar	ar	0	1	1
2	2	باسف	سوق لندن للأوراق المالية	1	1	ar	ar	0	1	1
2	2	باسف	صناعة الطاقة	1	1	ar	ar	0	1	1
2	2	باسف	علامة تجارية	1	1	ar	ar	0	1	1
2	2	باسف	علم الزراعة	1	1	ar	ar	0	1	1
2	2	باسف	كبير الإداريين التنفيذيين	1	1	ar	ar	0	1	1
2	2	باسف	لدائن	1	1	ar	ar	0	1	1
2	2	باسف	لودفيغسهافن	1	1	ar	ar	0	1	1
2	2	باسف	مادة كيميائية	1	1	ar	ar	0	1	1
2	2	باسف	مجلس الإشراف	1	1	ar	ar	0	1	1
2	2	باسف	مواد تكسية	1	1	ar	ar	0	1	1
2	2	باسف	ويكيميديا كومنز	1	1	ar	ar	0	1	1
2	2	باسف	يورو	1	1	ar	ar	0	1	1
2	2	باسف	قالب:إحداث/كوائف	1	1	ar	ar	0	1	1
2	3	BASF	1865	1	1	no	no	0	1	1
2	2	BASF	Euro	1	1	no	no	0	1	1
2	2	BASF	Frankfurt-børsen	1	1	no	no	0	1	1
2	2	BASF	London-børsen	1	1	no	no	0	1	1
2	2	BASF	Ludwigshafen	1	1	no	no	0	1	1
2	2	BASF	New York-børsen	1	1	no	no	0	1	1
2	2	BASF	Zürich-børsen	1	1	no	no	0	1	1
2	3	BASF	1865	1	1	pl	pl	0	1	1
2	2	BASF	6 kwietnia	1	1	pl	pl	0	1	1
2	2	BASF	Adidas	1	1	pl	pl	0	1	1
2	2	BASF	Afryka	1	1	pl	pl	0	1	1
2	2	BASF	Allianz	1	1	pl	pl	0	1	1
2	2	BASF	Ameryka Południowa	1	1	pl	pl	0	1	1
2	2	BASF	Ameryka Północna	1	1	pl	pl	0	1	1
2	2	BASF	Azja	1	1	pl	pl	0	1	1
2	2	BASF	BMW	1	1	pl	pl	0	1	1
2	2	BASF	Bayer AG	1	1	pl	pl	0	1	1
2	2	BASF	Beiersdorf AG	1	1	pl	pl	0	1	1
2	2	BASF	Branża	1	1	pl	pl	0	1	1
2	2	BASF	Commerzbank	1	1	pl	pl	0	1	1
2	2	BASF	DAX	1	1	pl	pl	0	1	1
2	2	BASF	Daimler AG	1	1	pl	pl	0	1	1
2	2	BASF	Deutsche Bank	1	1	pl	pl	0	1	1
2	2	BASF	Deutsche Börse	1	1	pl	pl	0	1	1
2	2	BASF	Deutsche Post	1	1	pl	pl	0	1	1
2	2	BASF	Deutsche Telekom	1	1	pl	pl	0	1	1
2	2	BASF	E.ON	1	1	pl	pl	0	1	1
2	2	BASF	EUR	1	1	pl	pl	0	1	1
2	2	BASF	Europa	1	1	pl	pl	0	1	1
2	2	BASF	Formy prawne przedsiębiorstw	1	1	pl	pl	0	1	1
2	2	BASF	Fresenius	1	1	pl	pl	0	1	1
2	2	BASF	Fresenius Medical Care	1	1	pl	pl	0	1	1
2	2	BASF	Gazociąg Północny	1	1	pl	pl	0	1	1
2	2	BASF	Henkel	1	1	pl	pl	0	1	1
2	2	BASF	Infineon	1	1	pl	pl	0	1	1
2	2	BASF	K+S	1	1	pl	pl	0	1	1
2	2	BASF	Linde AG	1	1	pl	pl	0	1	1
2	2	BASF	Ludwigshafen am Rhein	1	1	pl	pl	0	1	1
2	2	BASF	Lufthansa	1	1	pl	pl	0	1	1
2	2	BASF	MAN SE	1	1	pl	pl	0	1	1
2	2	BASF	Merck KGaA	1	1	pl	pl	0	1	1
2	2	BASF	Metro Group	1	1	pl	pl	0	1	1
2	2	BASF	Munich Re	1	1	pl	pl	0	1	1
2	2	BASF	Nadrenia-Palatynat	1	1	pl	pl	0	1	1
2	2	BASF	Niemcy	1	1	pl	pl	0	1	1
2	2	BASF	Nordstream	1	1	pl	pl	0	1	1
2	2	BASF	Produkt (marketing)	1	1	pl	pl	0	1	1
2	2	BASF	Przychód (ekonomia)	1	1	pl	pl	0	1	1
2	2	BASF	RWE (koncern)	1	1	pl	pl	0	1	1
2	2	BASF	SAP AG	1	1	pl	pl	0	1	1
2	2	BASF	Salzgitter AG	1	1	pl	pl	0	1	1
2	2	BASF	Siedziba (prawo)	1	1	pl	pl	0	1	1
2	2	BASF	Siemens AG	1	1	pl	pl	0	1	1
2	2	BASF	Spółka europejska	1	1	pl	pl	0	1	1
2	2	BASF	ThyssenKrupp	1	1	pl	pl	0	1	1
2	2	BASF	Volkswagen AG	1	1	pl	pl	0	1	1
2	2	BASF	Zatrudnienie	1	1	pl	pl	0	1	1
2	2	BASF	Wikipedia:Weryfikowalność	1	1	pl	pl	0	1	1
2	2	BASF	Szablon:DAX	1	1	pl	pl	0	1	1
2	2	BASF	Dyskusja szablonu:DAX	1	1	pl	pl	0	1	1
2	2	BASF	Pomoc:Przypisy	1	1	pl	pl	0	1	1
2	3	Anilin	Friedrich Engelhorn	1	1	pfl	pfl	0	1	1
2	2	Anilin	Kurpalz	1	1	pfl	pfl	0	1	1
2	2	Anilin	Ludwichshafe	1	1	pfl	pfl	0	1	1
2	2	Anilin	Monnem	1	1	pfl	pfl	0	1	1
2	2	Anilin	Rhoi	1	1	pfl	pfl	0	1	1
2	3	बी.ए.एस.एफ.	जर्मनी	1	1	mr	mr	0	1	1
2	2	बी.ए.एस.एफ.	मानहाइम	1	1	mr	mr	0	1	1
2	2	बी.ए.एस.एफ.	रसायन	1	1	mr	mr	0	1	1
2	2	बी.ए.एस.एफ.	लुडविग्सहाफेन	1	1	mr	mr	0	1	1
2	3	BASF (chemieconcern)	1865	1	1	nl	nl	0	1	1
2	2	BASF (chemieconcern)	1870	1	1	nl	nl	0	1	1
2	2	BASF (chemieconcern)	1897	1	1	nl	nl	0	1	1
2	2	BASF (chemieconcern)	1913	1	1	nl	nl	0	1	1
2	2	BASF (chemieconcern)	1914	1	1	nl	nl	0	1	1
2	2	BASF (chemieconcern)	1930	1	1	nl	nl	0	1	1
2	2	BASF (chemieconcern)	1932	1	1	nl	nl	0	1	1
2	2	BASF (chemieconcern)	1951	1	1	nl	nl	0	1	1
2	2	BASF (chemieconcern)	1953	1	1	nl	nl	0	1	1
2	2	BASF (chemieconcern)	1998	1	1	nl	nl	0	1	1
2	2	BASF (chemieconcern)	2000	1	1	nl	nl	0	1	1
2	2	BASF (chemieconcern)	Adidas	1	1	nl	nl	0	1	1
2	2	BASF (chemieconcern)	Alizarine	1	1	nl	nl	0	1	1
2	2	BASF (chemieconcern)	Allianz	1	1	nl	nl	0	1	1
2	2	BASF (chemieconcern)	Apeldoorn (stad)	1	1	nl	nl	0	1	1
2	2	BASF (chemieconcern)	Arnhem	1	1	nl	nl	0	1	1
2	2	BASF (chemieconcern)	BMW	1	1	nl	nl	0	1	1
2	2	BASF (chemieconcern)	Bayer	1	1	nl	nl	0	1	1
2	2	BASF (chemieconcern)	Beiersdorf AG	1	1	nl	nl	0	1	1
2	2	BASF (chemieconcern)	Boxtel (plaats)	1	1	nl	nl	0	1	1
2	2	BASF (chemieconcern)	Brussel (stad)	1	1	nl	nl	0	1	1
2	2	BASF (chemieconcern)	Commerzbank	1	1	nl	nl	0	1	1
2	2	BASF (chemieconcern)	Continental AG	1	1	nl	nl	0	1	1
2	2	BASF (chemieconcern)	DAX-index	1	1	nl	nl	0	1	1
2	2	BASF (chemieconcern)	Daimler (Duitsland)	1	1	nl	nl	0	1	1
2	2	BASF (chemieconcern)	De Meern	1	1	nl	nl	0	1	1
2	2	BASF (chemieconcern)	Deutsche Bank	1	1	nl	nl	0	1	1
2	2	BASF (chemieconcern)	Deutsche Börse	1	1	nl	nl	0	1	1
2	2	BASF (chemieconcern)	Deutsche Post	1	1	nl	nl	0	1	1
2	2	BASF (chemieconcern)	Deutsche Telekom	1	1	nl	nl	0	1	1
2	2	BASF (chemieconcern)	Duitsland	1	1	nl	nl	0	1	1
2	2	BASF (chemieconcern)	E.ON	1	1	nl	nl	0	1	1
2	2	BASF (chemieconcern)	EMTEC	1	1	nl	nl	0	1	1
2	2	BASF (chemieconcern)	Emlichheim	1	1	nl	nl	0	1	1
2	2	BASF (chemieconcern)	Fresenius	1	1	nl	nl	0	1	1
2	2	BASF (chemieconcern)	Fresenius Medical Care	1	1	nl	nl	0	1	1
2	2	BASF (chemieconcern)	Haven van Antwerpen	1	1	nl	nl	0	1	1
2	2	BASF (chemieconcern)	Heerenveen (plaats)	1	1	nl	nl	0	1	1
2	2	BASF (chemieconcern)	HeidelbergCement	1	1	nl	nl	0	1	1
2	2	BASF (chemieconcern)	Henkel KGaA	1	1	nl	nl	0	1	1
2	2	BASF (chemieconcern)	IG Farben	1	1	nl	nl	0	1	1
2	2	BASF (chemieconcern)	Indigo (kleurstof)	1	1	nl	nl	0	1	1
2	2	BASF (chemieconcern)	Infineon	1	1	nl	nl	0	1	1
2	2	BASF (chemieconcern)	K+S	1	1	nl	nl	0	1	1
2	2	BASF (chemieconcern)	Kunstmest	1	1	nl	nl	0	1	1
2	2	BASF (chemieconcern)	Lanxess	1	1	nl	nl	0	1	1
2	2	BASF (chemieconcern)	Latex	1	1	nl	nl	0	1	1
2	2	BASF (chemieconcern)	Limburgerhof	1	1	nl	nl	0	1	1
2	2	BASF (chemieconcern)	Linde AG	1	1	nl	nl	0	1	1
2	2	BASF (chemieconcern)	Ludwigshafen am Rhein	1	1	nl	nl	0	1	1
2	2	BASF (chemieconcern)	Lufthansa	1	1	nl	nl	0	1	1
2	2	BASF (chemieconcern)	Maastricht	1	1	nl	nl	0	1	1
2	2	BASF (chemieconcern)	Magneetband	1	1	nl	nl	0	1	1
2	2	BASF (chemieconcern)	Merck KGaA	1	1	nl	nl	0	1	1
2	2	BASF (chemieconcern)	Multinational	1	1	nl	nl	0	1	1
2	2	BASF (chemieconcern)	Münchener Rück	1	1	nl	nl	0	1	1
2	2	BASF (chemieconcern)	Nazi-Duitsland	1	1	nl	nl	0	1	1
2	2	BASF (chemieconcern)	Nijehaske (plaats)	1	1	nl	nl	0	1	1
2	2	BASF (chemieconcern)	PPG Industries	1	1	nl	nl	0	1	1
2	2	BASF (chemieconcern)	Polyurethaan	1	1	nl	nl	0	1	1
2	2	BASF (chemieconcern)	Productieplatform	1	1	nl	nl	0	1	1
2	2	BASF (chemieconcern)	RWE (energie)	1	1	nl	nl	0	1	1
2	2	BASF (chemieconcern)	Rijswijk (Zuid-Holland)	1	1	nl	nl	0	1	1
2	2	BASF (chemieconcern)	SAP AG	1	1	nl	nl	0	1	1
2	2	BASF (chemieconcern)	Schoonebeek	1	1	nl	nl	0	1	1
2	2	BASF (chemieconcern)	Siemens AG	1	1	nl	nl	0	1	1
2	2	BASF (chemieconcern)	ThyssenKrupp	1	1	nl	nl	0	1	1
2	2	BASF (chemieconcern)	Tiel	1	1	nl	nl	0	1	1
2	2	BASF (chemieconcern)	Volkswagen AG	1	1	nl	nl	0	1	1
2	2	BASF (chemieconcern)	Wikimedia Commons	1	1	nl	nl	0	1	1
2	2	BASF (chemieconcern)	Wintershall	1	1	nl	nl	0	1	1
2	2	BASF (chemieconcern)	Zyklon B	1	1	nl	nl	0	1	1
2	3	바스프	1865년	1	1	ko	ko	0	1	1
2	2	바스프	1951년	1	1	ko	ko	0	1	1
2	2	바스프	1954년	1	1	ko	ko	0	1	1
2	2	바스프	1998년	1	1	ko	ko	0	1	1
2	2	바스프	가이스마	1	1	ko	ko	0	1	1
2	2	바스프	군산시	1	1	ko	ko	0	1	1
2	2	바스프	난징	1	1	ko	ko	0	1	1
2	2	바스프	대전광역시	1	1	ko	ko	0	1	1
2	2	바스프	대한민국	1	1	ko	ko	0	1	1
2	2	바스프	런던	1	1	ko	ko	0	1	1
2	2	바스프	루트비히스하펜	1	1	ko	ko	0	1	1
2	2	바스프	서울특별시	1	1	ko	ko	0	1	1
2	2	바스프	수원시	1	1	ko	ko	0	1	1
2	2	바스프	시흥시	1	1	ko	ko	0	1	1
2	2	바스프	안산시	1	1	ko	ko	0	1	1
2	2	바스프	앤트워프	1	1	ko	ko	0	1	1
2	2	바스프	여수시	1	1	ko	ko	0	1	1
2	2	바스프	울산광역시	1	1	ko	ko	0	1	1
2	2	바스프	위키미디어 공용	1	1	ko	ko	0	1	1
2	2	바스프	취리히	1	1	ko	ko	0	1	1
2	2	바스프	콴탄	1	1	ko	ko	0	1	1
2	2	바스프	프랑크푸르트	1	1	ko	ko	0	1	1
2	2	바스프	프리포트	1	1	ko	ko	0	1	1
2	3	BASF	1865.	1	1	hr	hr	0	1	1
2	2	BASF	August Clemm	1	1	hr	hr	0	1	1
2	2	BASF	Carl Clemm	1	1	hr	hr	0	1	1
2	2	BASF	Friedrich Engelhorn	1	1	hr	hr	0	1	1
2	2	BASF	Indigo	1	1	hr	hr	0	1	1
2	2	BASF	Katran	1	1	hr	hr	0	1	1
2	2	BASF	Kemijska industrija	1	1	hr	hr	0	1	1
2	2	BASF	Ludwigshafen	1	1	hr	hr	0	1	1
2	2	BASF	Mannheim	1	1	hr	hr	0	1	1
2	2	BASF	Njemačka	1	1	hr	hr	0	1	1
2	2	BASF	Rajna	1	1	hr	hr	0	1	1
2	2	BASF	Wikipedija:Stil	1	1	hr	hr	0	1	1
2	3	BASF	1865	1	1	hu	hu	0	1	1
2	2	BASF	Ammónia	1	1	hu	hu	0	1	1
2	2	BASF	Bayer	1	1	hu	hu	0	1	1
2	2	BASF	Báden	1	1	hu	hu	0	1	1
2	2	BASF	Carl Wurster	1	1	hu	hu	0	1	1
2	2	BASF	DAX-index	1	1	hu	hu	0	1	1
2	2	BASF	Első világháború	1	1	hu	hu	0	1	1
2	2	BASF	European Company Statute	1	1	hu	hu	0	1	1
2	2	BASF	Friedrich Engelhorn	1	1	hu	hu	0	1	1
2	2	BASF	Gazdasági társaság	1	1	hu	hu	0	1	1
2	2	BASF	Intézmény	1	1	hu	hu	0	1	1
2	2	BASF	Katalizátor	1	1	hu	hu	0	1	1
2	2	BASF	Ludwigshafen am Rhein	1	1	hu	hu	0	1	1
2	2	BASF	Mannheim	1	1	hu	hu	0	1	1
2	2	BASF	Monsanto	1	1	hu	hu	0	1	1
2	2	BASF	Műanyag	1	1	hu	hu	0	1	1
2	2	BASF	Nylon	1	1	hu	hu	0	1	1
2	2	BASF	Németország	1	1	hu	hu	0	1	1
2	2	BASF	Növényvédő szer	1	1	hu	hu	0	1	1
2	2	BASF	Polisztirén	1	1	hu	hu	0	1	1
2	2	BASF	Szénhidrogén	1	1	hu	hu	0	1	1
2	2	BASF	Társadalmi szervezet	1	1	hu	hu	0	1	1
2	2	BASF	Vegyipar	1	1	hu	hu	0	1	1
2	2	BASF	Vezérigazgató	1	1	hu	hu	0	1	1
2	2	BASF	Zyklon B	1	1	hu	hu	0	1	1
2	2	BASF	Április 6.	1	1	hu	hu	0	1	1
2	2	BASF	Wikipédia:Csonk	1	1	hu	hu	0	1	1
2	3	BASF	1865	1	1	id	id	0	1	1
2	2	BASF	2010	1	1	id	id	0	1	1
2	2	BASF	Adidas	1	1	id	id	0	1	1
2	2	BASF	Afrika	1	1	id	id	0	1	1
2	2	BASF	Allianz	1	1	id	id	0	1	1
2	2	BASF	Amerika Selatan	1	1	id	id	0	1	1
2	2	BASF	Amerika Utara	1	1	id	id	0	1	1
2	2	BASF	Asia	1	1	id	id	0	1	1
2	2	BASF	BMW	1	1	id	id	0	1	1
2	2	BASF	Bayer AG	1	1	id	id	0	1	1
2	2	BASF	Beiersdorf	1	1	id	id	0	1	1
2	2	BASF	Bursa Saham Frankfurt	1	1	id	id	0	1	1
2	2	BASF	Bursa Saham London	1	1	id	id	0	1	1
2	2	BASF	Bursa Saham New York	1	1	id	id	0	1	1
2	2	BASF	Bursa Saham Zurich	1	1	id	id	0	1	1
2	2	BASF	Commerzbank	1	1	id	id	0	1	1
2	2	BASF	Continental AG	1	1	id	id	0	1	1
2	2	BASF	DAX	1	1	id	id	0	1	1
2	2	BASF	Daimler AG	1	1	id	id	0	1	1
2	2	BASF	Deutsche Bank	1	1	id	id	0	1	1
2	2	BASF	Deutsche Börse	1	1	id	id	0	1	1
2	2	BASF	Deutsche Post	1	1	id	id	0	1	1
2	2	BASF	Deutsche Telekom	1	1	id	id	0	1	1
2	2	BASF	E.ON	1	1	id	id	0	1	1
2	2	BASF	Eggert Voscherau	1	1	id	id	0	1	1
2	2	BASF	Eropa	1	1	id	id	0	1	1
2	2	BASF	Fresenius (perusahaan)	1	1	id	id	0	1	1
2	2	BASF	Fresenius Medical Care	1	1	id	id	0	1	1
2	2	BASF	Germany	1	1	id	id	0	1	1
2	2	BASF	HeidelbergCement	1	1	id	id	0	1	1
2	2	BASF	Henkel	1	1	id	id	0	1	1
2	2	BASF	Infineon Technologies	1	1	id	id	0	1	1
2	2	BASF	International Securities Identifying Number	1	1	id	id	0	1	1
2	2	BASF	Jenis entitas bisnis	1	1	id	id	0	1	1
2	2	BASF	Jerman	1	1	id	id	0	1	1
2	2	BASF	K+S	1	1	id	id	0	1	1
2	2	BASF	Kimia	1	1	id	id	0	1	1
2	2	BASF	Korporasi	1	1	id	id	0	1	1
2	2	BASF	Kurt Bock	1	1	id	id	0	1	1
2	2	BASF	Laba bersih	1	1	id	id	0	1	1
2	2	BASF	Lanxess	1	1	id	id	0	1	1
2	2	BASF	Ludwigshafen	1	1	id	id	0	1	1
2	2	BASF	Lufthansa	1	1	id	id	0	1	1
2	2	BASF	Merck KGaA	1	1	id	id	0	1	1
2	2	BASF	Munich Re	1	1	id	id	0	1	1
2	2	BASF	Perusahaan (hukum)	1	1	id	id	0	1	1
2	2	BASF	RWE	1	1	id	id	0	1	1
2	2	BASF	SAP AG	1	1	id	id	0	1	1
2	2	BASF	Siemens	1	1	id	id	0	1	1
2	2	BASF	The Linde Group	1	1	id	id	0	1	1
2	2	BASF	ThyssenKrupp	1	1	id	id	0	1	1
2	2	BASF	Volkswagen Group	1	1	id	id	0	1	1
2	2	BASF	Wikipedia:Rintisan	1	1	id	id	0	1	1
2	2	BASF	Templat:Perusahaan DAX	1	1	id	id	0	1	1
2	2	BASF	Pembicaraan Templat:Perusahaan DAX	1	1	id	id	0	1	1
2	3	BASF	1865	1	1	it	it	0	1	1
2	2	BASF	1934	1	1	it	it	0	1	1
2	2	BASF	2010	1	1	it	it	0	1	1
2	2	BASF	AEG (azienda)	1	1	it	it	0	1	1
2	2	BASF	Acronimo	1	1	it	it	0	1	1
2	2	BASF	Adidas	1	1	it	it	0	1	1
2	2	BASF	Allianz	1	1	it	it	0	1	1
2	2	BASF	Amministratore delegato	1	1	it	it	0	1	1
2	2	BASF	Asia	1	1	it	it	0	1	1
2	2	BASF	BASF (casa discografica)	1	1	it	it	0	1	1
2	2	BASF	BMW	1	1	it	it	0	1	1
2	2	BASF	Bayer	1	1	it	it	0	1	1
2	2	BASF	Beiersdorf (azienda)	1	1	it	it	0	1	1
2	2	BASF	Blue chip	1	1	it	it	0	1	1
2	2	BASF	Borsa Italiana	1	1	it	it	0	1	1
2	2	BASF	Borsa di Francoforte	1	1	it	it	0	1	1
2	2	BASF	Borsa valori	1	1	it	it	0	1	1
2	2	BASF	Carl Bosch	1	1	it	it	0	1	1
2	2	BASF	Chimica industriale	1	1	it	it	0	1	1
2	2	BASF	Commerzbank	1	1	it	it	0	1	1
2	2	BASF	Coordinate geografiche	1	1	it	it	0	1	1
2	2	BASF	DAX 30	1	1	it	it	0	1	1
2	2	BASF	Daimler (azienda)	1	1	it	it	0	1	1
2	2	BASF	Deutsche Bank	1	1	it	it	0	1	1
2	2	BASF	Deutsche Börse	1	1	it	it	0	1	1
2	2	BASF	Deutsche Post	1	1	it	it	0	1	1
2	2	BASF	Deutsche Telekom	1	1	it	it	0	1	1
2	2	BASF	Dupont	1	1	it	it	0	1	1
2	2	BASF	E.ON	1	1	it	it	0	1	1
2	2	BASF	Euro	1	1	it	it	0	1	1
2	2	BASF	Europa	1	1	it	it	0	1	1
2	2	BASF	Fatturato	1	1	it	it	0	1	1
2	2	BASF	Francoforte	1	1	it	it	0	1	1
2	2	BASF	Fresenius	1	1	it	it	0	1	1
2	2	BASF	Fresenius Medical Care	1	1	it	it	0	1	1
2	2	BASF	Germania	1	1	it	it	0	1	1
2	2	BASF	Gruppo Volkswagen	1	1	it	it	0	1	1
2	2	BASF	Heidelberg Cement	1	1	it	it	0	1	1
2	2	BASF	Henkel	1	1	it	it	0	1	1
2	2	BASF	IG Farben	1	1	it	it	0	1	1
2	2	BASF	Impresa	1	1	it	it	0	1	1
2	2	BASF	Indaco	1	1	it	it	0	1	1
2	2	BASF	Indice azionario	1	1	it	it	0	1	1
2	2	BASF	Infineon Technologies	1	1	it	it	0	1	1
2	2	BASF	K+S	1	1	it	it	0	1	1
2	2	BASF	Linde AG	1	1	it	it	0	1	1
2	2	BASF	London Stock Exchange	1	1	it	it	0	1	1
2	2	BASF	Ludwigshafen	1	1	it	it	0	1	1
2	2	BASF	Lufthansa	1	1	it	it	0	1	1
2	2	BASF	MAN SE	1	1	it	it	0	1	1
2	2	BASF	Materiale sintetico	1	1	it	it	0	1	1
2	2	BASF	Merck KGaA	1	1	it	it	0	1	1
2	2	BASF	Metro (azienda)	1	1	it	it	0	1	1
2	2	BASF	Miliardo	1	1	it	it	0	1	1
2	2	BASF	Munich Re	1	1	it	it	0	1	1
2	2	BASF	Nastro magnetico	1	1	it	it	0	1	1
2	2	BASF	Nord America	1	1	it	it	0	1	1
2	2	BASF	RWE (azienda)	1	1	it	it	0	1	1
2	2	BASF	Renania Palatinato	1	1	it	it	0	1	1
2	2	BASF	SAP (azienda)	1	1	it	it	0	1	1
2	2	BASF	Siemens (azienda)	1	1	it	it	0	1	1
2	2	BASF	Sito web	1	1	it	it	0	1	1
2	2	BASF	Slogan	1	1	it	it	0	1	1
2	2	BASF	Società europea	1	1	it	it	0	1	1
2	2	BASF	Stato	1	1	it	it	0	1	1
2	2	BASF	Sud America	1	1	it	it	0	1	1
2	2	BASF	Telefunken	1	1	it	it	0	1	1
2	2	BASF	ThyssenKrupp	1	1	it	it	0	1	1
2	2	BASF	Zyklon B	1	1	it	it	0	1	1
2	2	BASF	Wikipedia:Fonti attendibili	1	1	it	it	0	1	1
2	2	BASF	Wikipedia:Uso delle fonti	1	1	it	it	0	1	1
2	2	BASF	File:Stub .png	1	1	it	it	0	1	1
2	2	BASF	File:Stub aziende tedesche.png	1	1	it	it	0	1	1
2	2	BASF	Template:Aziende DAX 30	1	1	it	it	0	1	1
2	2	BASF	Discussioni template:Aziende DAX 30	1	1	it	it	0	1	1
2	2	BASF	Aiuto:Abbozzo	1	1	it	it	0	1	1
2	2	BASF	Aiuto:Disambigua	1	1	it	it	0	1	1
2	2	BASF	Aiuto:Manuale di stile	1	1	it	it	0	1	1
2	2	BASF	Categoria:Stub - aziende tedesche	1	1	it	it	0	1	1
2	2	BASF	Categoria:Voci mancanti di fonti - aprile 2008	1	1	it	it	0	1	1
2	2	BASF	Categoria:Voci mancanti di fonti - aziende	1	1	it	it	0	1	1
2	2	BASF	Progetto:Aziende	1	1	it	it	0	1	1
2	2	BASF	Progetto:Aziende tedesche	1	1	it	it	0	1	1
2	3	BASF	12月31日	1	1	ja	ja	0	1	1
2	2	BASF	1865年	1	1	ja	ja	0	1	1
2	2	BASF	1925年	1	1	ja	ja	0	1	1
2	2	BASF	1952年	1	1	ja	ja	0	1	1
2	2	BASF	1月14日	1	1	ja	ja	0	1	1
2	2	BASF	2008年	1	1	ja	ja	0	1	1
2	2	BASF	2011年	1	1	ja	ja	0	1	1
2	2	BASF	4月6日	1	1	ja	ja	0	1	1
2	2	BASF	AG (ドイツ)	1	1	ja	ja	0	1	1
2	2	BASF	BASFジャパン	1	1	ja	ja	0	1	1
2	2	BASF	BMW	1	1	ja	ja	0	1	1
2	2	BASF	E.ON	1	1	ja	ja	0	1	1
2	2	BASF	Forbes Global 2000	1	1	ja	ja	0	1	1
2	2	BASF	IG・ファルベンインドゥストリー	1	1	ja	ja	0	1	1
2	2	BASF	K+S	1	1	ja	ja	0	1	1
2	2	BASF	RWE	1	1	ja	ja	0	1	1
2	2	BASF	SAP (企業)	1	1	ja	ja	0	1	1
2	2	BASF	アグフア・ゲバルト	1	1	ja	ja	0	1	1
2	2	BASF	アセテート	1	1	ja	ja	0	1	1
2	2	BASF	アディダス	1	1	ja	ja	0	1	1
2	2	BASF	アボット・ラボラトリーズ	1	1	ja	ja	0	1	1
2	2	BASF	アリアンツ	1	1	ja	ja	0	1	1
2	2	BASF	イノアックコーポレーション	1	1	ja	ja	0	1	1
2	2	BASF	インフィニオン・テクノロジーズ	1	1	ja	ja	0	1	1
2	2	BASF	カール・ボッシュ	1	1	ja	ja	0	1	1
2	2	BASF	コメルツ銀行	1	1	ja	ja	0	1	1
2	2	BASF	コンチネンタル (自動車部品製造業)	1	1	ja	ja	0	1	1
2	2	BASF	コンパクトカセット	1	1	ja	ja	0	1	1
2	2	BASF	サノフィ・アベンティス	1	1	ja	ja	0	1	1
2	2	BASF	シーメンス	1	1	ja	ja	0	1	1
2	2	BASF	スイス証券取引所	1	1	ja	ja	0	1	1
2	2	BASF	ダイムラー (自動車メーカー)	1	1	ja	ja	0	1	1
2	2	BASF	ティッセンクルップ	1	1	ja	ja	0	1	1
2	2	BASF	テープレコーダ	1	1	ja	ja	0	1	1
2	2	BASF	ドイツ	1	1	ja	ja	0	1	1
2	2	BASF	ドイツテレコム	1	1	ja	ja	0	1	1
2	2	BASF	ドイツポスト	1	1	ja	ja	0	1	1
2	2	BASF	ドイツ・ポストバンク	1	1	ja	ja	0	1	1
2	2	BASF	ドイツ株価指数	1	1	ja	ja	0	1	1
2	2	BASF	ドイツ証券取引所	1	1	ja	ja	0	1	1
2	2	BASF	ドイツ銀行	1	1	ja	ja	0	1	1
2	2	BASF	ニューヨーク証券取引所	1	1	ja	ja	0	1	1
2	2	BASF	ハイポ・リアル・エステート	1	1	ja	ja	0	1	1
2	2	BASF	ハーバー・ボッシュ法	1	1	ja	ja	0	1	1
2	2	BASF	バイエル (企業)	1	1	ja	ja	0	1	1
2	2	BASF	フォルクスワーゲングループ	1	1	ja	ja	0	1	1
2	2	BASF	フォーチュン・グローバル500	1	1	ja	ja	0	1	1
2	2	BASF	フランクフルト証券取引所	1	1	ja	ja	0	1	1
2	2	BASF	フレゼニウス	1	1	ja	ja	0	1	1
2	2	BASF	プラスチック	1	1	ja	ja	0	1	1
2	2	BASF	ヘキスト (化学メーカー)	1	1	ja	ja	0	1	1
2	2	BASF	ヘンケル	1	1	ja	ja	0	1	1
2	2	BASF	マン (企業)	1	1	ja	ja	0	1	1
2	2	BASF	マンハイム	1	1	ja	ja	0	1	1
2	2	BASF	ミュンヘン再保険	1	1	ja	ja	0	1	1
2	2	BASF	メトロ (小売業)	1	1	ja	ja	0	1	1
2	2	BASF	メルク (ドイツ)	1	1	ja	ja	0	1	1
2	2	BASF	ラインラント＝プファルツ州	1	1	ja	ja	0	1	1
2	2	BASF	リンデ	1	1	ja	ja	0	1	1
2	2	BASF	ルフトハンザドイツ航空	1	1	ja	ja	0	1	1
2	2	BASF	ルートヴィヒスハーフェン	1	1	ja	ja	0	1	1
2	2	BASF	ロンドン証券取引所	1	1	ja	ja	0	1	1
2	2	BASF	三井化学	1	1	ja	ja	0	1	1
2	2	BASF	三菱化学	1	1	ja	ja	0	1	1
2	2	BASF	中華人民共和国	1	1	ja	ja	0	1	1
2	2	BASF	会社	1	1	ja	ja	0	1	1
2	2	BASF	住友金属鉱山	1	1	ja	ja	0	1	1
2	2	BASF	出光興産	1	1	ja	ja	0	1	1
2	2	BASF	化学品	1	1	ja	ja	0	1	1
2	2	BASF	化学工業	1	1	ja	ja	0	1	1
2	2	BASF	合弁会社	1	1	ja	ja	0	1	1
2	2	BASF	大創産業	1	1	ja	ja	0	1	1
2	2	BASF	日油	1	1	ja	ja	0	1	1
2	2	BASF	東京証券取引所	1	1	ja	ja	0	1	1
2	2	BASF	業種	1	1	ja	ja	0	1	1
2	2	BASF	欧州会社	1	1	ja	ja	0	1	1
2	2	BASF	武田薬品工業	1	1	ja	ja	0	1	1
2	2	BASF	石油	1	1	ja	ja	0	1	1
2	2	BASF	磁気テープ	1	1	ja	ja	0	1	1
2	2	BASF	第二次世界大戦	1	1	ja	ja	0	1	1
2	2	BASF	音楽レコード	1	1	ja	ja	0	1	1
2	2	BASF	Wikipedia:言葉を濁さない	1	1	ja	ja	0	1	1
2	2	BASF	Template:DAX	1	1	ja	ja	0	1	1
2	2	BASF	Template:基礎情報 会社	1	1	ja	ja	0	1	1
2	2	BASF	Template‐ノート:DAX	1	1	ja	ja	0	1	1
2	2	BASF	Category:言葉を濁した記述のある記事 (いつ)/2012年4月-6月	1	1	ja	ja	0	1	1
2	3	BASF	Adolf Hitler	1	1	vi	vi	0	1	1
2	2	BASF	Ammonia	1	1	vi	vi	0	1	1
2	2	BASF	Anilin	1	1	vi	vi	0	1	1
2	2	BASF	Argentina	1	1	vi	vi	0	1	1
2	2	BASF	Bayer	1	1	vi	vi	0	1	1
2	2	BASF	Brasil	1	1	vi	vi	0	1	1
2	2	BASF	Bỉ	1	1	vi	vi	0	1	1
2	2	BASF	Chiến tranh thế giới thứ hai	1	1	vi	vi	0	1	1
2	2	BASF	Châu Á	1	1	vi	vi	0	1	1
2	2	BASF	Chất dẻo	1	1	vi	vi	0	1	1
2	2	BASF	Chất hoạt động bề mặt	1	1	vi	vi	0	1	1
2	2	BASF	Chất xúc tác	1	1	vi	vi	0	1	1
2	2	BASF	Công nghiệp	1	1	vi	vi	0	1	1
2	2	BASF	Công nghiệp năng lượng	1	1	vi	vi	0	1	1
2	2	BASF	Cộng hòa Dân chủ Đức	1	1	vi	vi	0	1	1
2	2	BASF	Degussa	1	1	vi	vi	0	1	1
2	2	BASF	Doanh thu	1	1	vi	vi	0	1	1
2	2	BASF	Dầu mỏ	1	1	vi	vi	0	1	1
2	2	BASF	EMTEC	1	1	vi	vi	0	1	1
2	2	BASF	Eggert Voscherau	1	1	vi	vi	0	1	1
2	2	BASF	Engelhard	1	1	vi	vi	0	1	1
2	2	BASF	Euro	1	1	vi	vi	0	1	1
2	2	BASF	Gazprom	1	1	vi	vi	0	1	1
2	2	BASF	Hoa Kỳ	1	1	vi	vi	0	1	1
2	2	BASF	Hoescht	1	1	vi	vi	0	1	1
2	2	BASF	Hóa chất	1	1	vi	vi	0	1	1
2	2	BASF	Hóa chất sơn phủ	1	1	vi	vi	0	1	1
2	2	BASF	IG Farben	1	1	vi	vi	0	1	1
2	2	BASF	Katipalla	1	1	vi	vi	0	1	1
2	2	BASF	Khoa học nông nghiệp	1	1	vi	vi	0	1	1
2	2	BASF	Kohnstein	1	1	vi	vi	0	1	1
2	2	BASF	Ludwigshafen am Rhein	1	1	vi	vi	0	1	1
2	2	BASF	Lợi nhuận trước lãi vay và thuế	1	1	vi	vi	0	1	1
2	2	BASF	Mannheim	1	1	vi	vi	0	1	1
2	2	BASF	Monsanto	1	1	vi	vi	0	1	1
2	2	BASF	México	1	1	vi	vi	0	1	1
2	2	BASF	Nam Kinh	1	1	vi	vi	0	1	1
2	2	BASF	Nhật Bản	1	1	vi	vi	0	1	1
2	2	BASF	Norvatis	1	1	vi	vi	0	1	1
2	2	BASF	Pháp	1	1	vi	vi	0	1	1
2	2	BASF	Quy trình Haber	1	1	vi	vi	0	1	1
2	2	BASF	Reuters	1	1	vi	vi	0	1	1
2	2	BASF	Rheinland-Pfalz	1	1	vi	vi	0	1	1
2	2	BASF	Rhine	1	1	vi	vi	0	1	1
2	2	BASF	Sàn giao dịch chứng khoán Frankfurt	1	1	vi	vi	0	1	1
2	2	BASF	Sàn giao dịch chứng khoán London	1	1	vi	vi	0	1	1
2	2	BASF	Sàn giao dịch chứng khoán Zurich	1	1	vi	vi	0	1	1
2	2	BASF	Sản phẩm	1	1	vi	vi	0	1	1
2	2	BASF	Sản xuất	1	1	vi	vi	0	1	1
2	2	BASF	Sở giao dịch chứng khoán London	1	1	vi	vi	0	1	1
2	2	BASF	Thượng Hải	1	1	vi	vi	0	1	1
2	2	BASF	Trung Quốc	1	1	vi	vi	0	1	1
2	2	BASF	Tài sản	1	1	vi	vi	0	1	1
2	2	BASF	Tây Ban Nha	1	1	vi	vi	0	1	1
2	2	BASF	Vương quốc Anh	1	1	vi	vi	0	1	1
2	2	BASF	Website	1	1	vi	vi	0	1	1
2	2	BASF	Zyklon-B	1	1	vi	vi	0	1	1
2	2	BASF	Úc	1	1	vi	vi	0	1	1
2	2	BASF	Ý	1	1	vi	vi	0	1	1
2	2	BASF	Đức	1	1	vi	vi	0	1	1
2	2	BASF	Đức Quốc Xã	1	1	vi	vi	0	1	1
2	2	BASF	Ấn Độ	1	1	vi	vi	0	1	1
2	3	BASF	1969	1	1	uk	uk	0	1	1
2	2	BASF	IG Farben	1	1	uk	uk	0	1	1
2	2	BASF	Wintershall	1	1	uk	uk	0	1	1
2	2	BASF	Європа	1	1	uk	uk	0	1	1
2	2	BASF	Ібупрофен	1	1	uk	uk	0	1	1
2	2	BASF	Індиго	1	1	uk	uk	0	1	1
2	2	BASF	Адипінова кислота	1	1	uk	uk	0	1	1
2	2	BASF	Азія	1	1	uk	uk	0	1	1
2	2	BASF	Амоніак	1	1	uk	uk	0	1	1
2	2	BASF	Аміди	1	1	uk	uk	0	1	1
2	2	BASF	Антверпен	1	1	uk	uk	0	1	1
2	2	BASF	Антрахінонсульфонова кислота	1	1	uk	uk	0	1	1
2	2	BASF	Анілін	1	1	uk	uk	0	1	1
2	2	BASF	Африка	1	1	uk	uk	0	1	1
2	2	BASF	Бацили	1	1	uk	uk	0	1	1
2	2	BASF	Бензен	1	1	uk	uk	0	1	1
2	2	BASF	Бутадієн	1	1	uk	uk	0	1	1
2	2	BASF	Бутандіол	1	1	uk	uk	0	1	1
2	2	BASF	Валовий дохід	1	1	uk	uk	0	1	1
2	2	BASF	Вікісховище	1	1	uk	uk	0	1	1
2	2	BASF	Вільям Генрі Перкін (старший)	1	1	uk	uk	0	1	1
2	2	BASF	Гераніол	1	1	uk	uk	0	1	1
2	2	BASF	Гліколі	1	1	uk	uk	0	1	1
2	2	BASF	Гонконг	1	1	uk	uk	0	1	1
2	2	BASF	Ензим	1	1	uk	uk	0	1	1
2	2	BASF	Естери	1	1	uk	uk	0	1	1
2	2	BASF	Етен	1	1	uk	uk	0	1	1
2	2	BASF	Кам'яновугільна смола	1	1	uk	uk	0	1	1
2	2	BASF	Каолін	1	1	uk	uk	0	1	1
2	2	BASF	Капролактам	1	1	uk	uk	0	1	1
2	2	BASF	Каустична сода	1	1	uk	uk	0	1	1
2	2	BASF	Кофеїн	1	1	uk	uk	0	1	1
2	2	BASF	Куантан	1	1	uk	uk	0	1	1
2	2	BASF	Курт Бок	1	1	uk	uk	0	1	1
2	2	BASF	Луїзіана	1	1	uk	uk	0	1	1
2	2	BASF	Людвіґсгафен-на-Рейні	1	1	uk	uk	0	1	1
2	2	BASF	Мангейм	1	1	uk	uk	0	1	1
2	2	BASF	Метанол	1	1	uk	uk	0	1	1
2	2	BASF	Метиленовий синій	1	1	uk	uk	0	1	1
2	2	BASF	Мурашина кислота	1	1	uk	uk	0	1	1
2	2	BASF	Нанкін	1	1	uk	uk	0	1	1
2	2	BASF	Німеччина	1	1	uk	uk	0	1	1
2	2	BASF	Нітратна кислота	1	1	uk	uk	0	1	1
2	2	BASF	Нітрофоска	1	1	uk	uk	0	1	1
2	2	BASF	Олеум	1	1	uk	uk	0	1	1
2	2	BASF	Поліуретан	1	1	uk	uk	0	1	1
2	2	BASF	Послуга	1	1	uk	uk	0	1	1
2	2	BASF	Продукція	1	1	uk	uk	0	1	1
2	2	BASF	Пропілен	1	1	uk	uk	0	1	1
2	2	BASF	Псевдоефедрин	1	1	uk	uk	0	1	1
2	2	BASF	Південна Америка	1	1	uk	uk	0	1	1
2	2	BASF	Північна Америка	1	1	uk	uk	0	1	1
2	2	BASF	Підприємство	1	1	uk	uk	0	1	1
2	2	BASF	Рейн	1	1	uk	uk	0	1	1
2	2	BASF	Рейнланд-Пфальц	1	1	uk	uk	0	1	1
2	2	BASF	Роберт Кох	1	1	uk	uk	0	1	1
2	2	BASF	Рудольф Кнітш	1	1	uk	uk	0	1	1
2	2	BASF	Сайт	1	1	uk	uk	0	1	1
2	2	BASF	Сан-Паулу	1	1	uk	uk	0	1	1
2	2	BASF	Спирти	1	1	uk	uk	0	1	1
2	2	BASF	Стероли	1	1	uk	uk	0	1	1
2	2	BASF	Сульфатна кислота	1	1	uk	uk	0	1	1
2	2	BASF	Сінгапур	1	1	uk	uk	0	1	1
2	2	BASF	Техас	1	1	uk	uk	0	1	1
2	2	BASF	Торгова марка	1	1	uk	uk	0	1	1
2	2	BASF	Туберкульоз	1	1	uk	uk	0	1	1
2	2	BASF	Флоргем Парк (Нью-Джерсі)	1	1	uk	uk	0	1	1
2	2	BASF	Фрідріх Енґельгорн	1	1	uk	uk	0	1	1
2	2	BASF	Фріпорт (округ Бразорія, Техас	1	1	uk	uk	0	1	1
2	2	BASF	Хелати	1	1	uk	uk	0	1	1
2	2	BASF	Хлор	1	1	uk	uk	0	1	1
2	2	BASF	Цитронеллол	1	1	uk	uk	0	1	1
2	2	BASF	Чистий прибуток	1	1	uk	uk	0	1	1
2	2	BASF	Ґеісмар (невключена територія, Луїзіана)	1	1	uk	uk	0	1	1
2	2	BASF	Вікіпедія:Як редагувати статтю	1	1	uk	uk	0	1	1
2	2	BASF	Шаблон:Назва країни Бельгія	1	1	uk	uk	0	1	1
2	2	BASF	Шаблон:Назва країни Бразилія	1	1	uk	uk	0	1	1
2	2	BASF	Шаблон:Назва країни Гонконг	1	1	uk	uk	0	1	1
2	2	BASF	Шаблон:Назва країни Китай	1	1	uk	uk	0	1	1
2	2	BASF	Шаблон:Назва країни Малайзія	1	1	uk	uk	0	1	1
2	2	BASF	Шаблон:Назва країни Німеччина	1	1	uk	uk	0	1	1
2	2	BASF	Шаблон:Назва країни США	1	1	uk	uk	0	1	1
2	2	BASF	Шаблон:Назва країни Сингапур	1	1	uk	uk	0	1	1
2	3	BASF	1865	1	1	tr	tr	0	1	1
2	2	BASF	2009	1	1	tr	tr	0	1	1
2	2	BASF	Almanya	1	1	tr	tr	0	1	1
2	2	BASF	Coğrafi koordinat sistemi	1	1	tr	tr	0	1	1
2	2	BASF	Dr. Jürgen Hambrecht	1	1	tr	tr	0	1	1
2	2	BASF	Euro	1	1	tr	tr	0	1	1
2	2	BASF	Frankfurt	1	1	tr	tr	0	1	1
2	2	BASF	Gaz	1	1	tr	tr	0	1	1
2	2	BASF	Gelir	1	1	tr	tr	0	1	1
2	2	BASF	Kimya	1	1	tr	tr	0	1	1
2	2	BASF	Londra	1	1	tr	tr	0	1	1
2	2	BASF	Ludwigshafen	1	1	tr	tr	0	1	1
2	2	BASF	Petrol	1	1	tr	tr	0	1	1
2	2	BASF	Ren Nehri	1	1	tr	tr	0	1	1
2	2	BASF	Zürih	1	1	tr	tr	0	1	1
2	2	BASF	Ürün	1	1	tr	tr	0	1	1
2	2	BASF	Şirket	1	1	tr	tr	0	1	1
2	2	BASF	Vikipedi:Madde	1	1	tr	tr	0	1	1
2	2	BASF	Vikipedi:Taslak madde	1	1	tr	tr	0	1	1
2	3	BASF	1865	1	1	sv	sv	0	1	1
2	2	BASF	Adidas	1	1	sv	sv	0	1	1
2	2	BASF	Agfa	1	1	sv	sv	0	1	1
2	2	BASF	Alizarin	1	1	sv	sv	0	1	1
2	2	BASF	Allianz	1	1	sv	sv	0	1	1
2	2	BASF	Altamira (Mexiko)	1	1	sv	sv	0	1	1
2	2	BASF	Alwin Mittasch	1	1	sv	sv	0	1	1
2	2	BASF	Ammoniak	1	1	sv	sv	0	1	1
2	2	BASF	Anilin	1	1	sv	sv	0	1	1
2	2	BASF	Anilindollar	1	1	sv	sv	0	1	1
2	2	BASF	Anilinfärgämnen	1	1	sv	sv	0	1	1
2	2	BASF	Antwerpen	1	1	sv	sv	0	1	1
2	2	BASF	Azofärgämne	1	1	sv	sv	0	1	1
2	2	BASF	BMW	1	1	sv	sv	0	1	1
2	2	BASF	Bayer AG	1	1	sv	sv	0	1	1
2	2	BASF	Beiersdorf AG	1	1	sv	sv	0	1	1
2	2	BASF	Belgien	1	1	sv	sv	0	1	1
2	2	BASF	Bolag	1	1	sv	sv	0	1	1
2	2	BASF	C.H.Beck	1	1	sv	sv	0	1	1
2	2	BASF	Carl Bosch	1	1	sv	sv	0	1	1
2	2	BASF	Carl Duisberg	1	1	sv	sv	0	1	1
2	2	BASF	Cassella	1	1	sv	sv	0	1	1
2	2	BASF	Cassella Farbwerke Mainkur	1	1	sv	sv	0	1	1
2	2	BASF	Chemische Fabrik Kalle	1	1	sv	sv	0	1	1
2	2	BASF	Commerzbank	1	1	sv	sv	0	1	1
2	2	BASF	Daimler AG	1	1	sv	sv	0	1	1
2	2	BASF	Deutsche Bank	1	1	sv	sv	0	1	1
2	2	BASF	Deutsche Börse	1	1	sv	sv	0	1	1
2	2	BASF	Deutsche Post	1	1	sv	sv	0	1	1
2	2	BASF	Deutsche Telekom	1	1	sv	sv	0	1	1
2	2	BASF	Deutscher Aktienindex	1	1	sv	sv	0	1	1
2	2	BASF	Dioxin	1	1	sv	sv	0	1	1
2	2	BASF	Dow Chemical	1	1	sv	sv	0	1	1
2	2	BASF	Dynamit Nobel	1	1	sv	sv	0	1	1
2	2	BASF	E.ON	1	1	sv	sv	0	1	1
2	2	BASF	Eggert Voscherau	1	1	sv	sv	0	1	1
2	2	BASF	Eosin	1	1	sv	sv	0	1	1
2	2	BASF	Euro	1	1	sv	sv	0	1	1
2	2	BASF	Europabolag	1	1	sv	sv	0	1	1
2	2	BASF	Frankfurt am Main	1	1	sv	sv	0	1	1
2	2	BASF	Freeport	1	1	sv	sv	0	1	1
2	2	BASF	Fresenius	1	1	sv	sv	0	1	1
2	2	BASF	Fresenius Medical Care	1	1	sv	sv	0	1	1
2	2	BASF	Friedrich-Engelhorn-Hochhaus	1	1	sv	sv	0	1	1
2	2	BASF	Friedrich Engelhorn	1	1	sv	sv	0	1	1
2	2	BASF	Fritz Haber	1	1	sv	sv	0	1	1
2	2	BASF	Första oljekrisen	1	1	sv	sv	0	1	1
2	2	BASF	Geismar	1	1	sv	sv	0	1	1
2	2	BASF	Haber-Boschmetoden	1	1	sv	sv	0	1	1
2	2	BASF	Hannover Re	1	1	sv	sv	0	1	1
2	2	BASF	Henkel	1	1	sv	sv	0	1	1
2	2	BASF	Hoechst	1	1	sv	sv	0	1	1
2	2	BASF	Hüls	1	1	sv	sv	0	1	1
2	2	BASF	IG Farben	1	1	sv	sv	0	1	1
2	2	BASF	IG Farben-processen	1	1	sv	sv	0	1	1
2	2	BASF	Infineon	1	1	sv	sv	0	1	1
2	2	BASF	Joint venture	1	1	sv	sv	0	1	1
2	2	BASF	Jürgen Hambrecht	1	1	sv	sv	0	1	1
2	2	BASF	Jürgen Strube	1	1	sv	sv	0	1	1
2	2	BASF	K+S	1	1	sv	sv	0	1	1
2	2	BASF	K+S AG	1	1	sv	sv	0	1	1
2	2	BASF	Kehl	1	1	sv	sv	0	1	1
2	2	BASF	Kemi	1	1	sv	sv	0	1	1
2	2	BASF	Klorakne	1	1	sv	sv	0	1	1
2	2	BASF	Kuantan	1	1	sv	sv	0	1	1
2	2	BASF	Leunawerke	1	1	sv	sv	0	1	1
2	2	BASF	Linde AG	1	1	sv	sv	0	1	1
2	2	BASF	London Stock Exchange	1	1	sv	sv	0	1	1
2	2	BASF	Ludwigshafen	1	1	sv	sv	0	1	1
2	2	BASF	Lufthansa	1	1	sv	sv	0	1	1
2	2	BASF	MAN AG	1	1	sv	sv	0	1	1
2	2	BASF	Mannheim	1	1	sv	sv	0	1	1
2	2	BASF	Matthias Pier	1	1	sv	sv	0	1	1
2	2	BASF	Maximilian II	1	1	sv	sv	0	1	1
2	2	BASF	Merck KGaA	1	1	sv	sv	0	1	1
2	2	BASF	Messer Griesheim	1	1	sv	sv	0	1	1
2	2	BASF	Metanol	1	1	sv	sv	0	1	1
2	2	BASF	Metro AG	1	1	sv	sv	0	1	1
2	2	BASF	Metylenblått	1	1	sv	sv	0	1	1
2	2	BASF	Miljard	1	1	sv	sv	0	1	1
2	2	BASF	Mississippi (delstat)	1	1	sv	sv	0	1	1
2	2	BASF	Munich Re	1	1	sv	sv	0	1	1
2	2	BASF	Münster	1	1	sv	sv	0	1	1
2	2	BASF	Nanjing	1	1	sv	sv	0	1	1
2	2	BASF	New York Stock Exchange	1	1	sv	sv	0	1	1
2	2	BASF	Nobelpriset i kemi	1	1	sv	sv	0	1	1
2	2	BASF	Omsättning	1	1	sv	sv	0	1	1
2	2	BASF	Oppau	1	1	sv	sv	0	1	1
2	2	BASF	Paris	1	1	sv	sv	0	1	1
2	2	BASF	Polypropen	1	1	sv	sv	0	1	1
2	2	BASF	Port Arthur, Texas	1	1	sv	sv	0	1	1
2	2	BASF	RWE	1	1	sv	sv	0	1	1
2	2	BASF	Reichswehr	1	1	sv	sv	0	1	1
2	2	BASF	Rheinpfalz	1	1	sv	sv	0	1	1
2	2	BASF	SAP AG	1	1	sv	sv	0	1	1
2	2	BASF	Salpeter	1	1	sv	sv	0	1	1
2	2	BASF	Schwarzheide	1	1	sv	sv	0	1	1
2	2	BASF	Siemens AG	1	1	sv	sv	0	1	1
2	2	BASF	Societas Europaea	1	1	sv	sv	0	1	1
2	2	BASF	Soda	1	1	sv	sv	0	1	1
2	2	BASF	Standard Oil	1	1	sv	sv	0	1	1
2	2	BASF	Stenkolstjära	1	1	sv	sv	0	1	1
2	2	BASF	Swiss Exchange	1	1	sv	sv	0	1	1
2	2	BASF	ThyssenKrupp	1	1	sv	sv	0	1	1
2	2	BASF	Tyskland	1	1	sv	sv	0	1	1
2	2	BASF	Virginia	1	1	sv	sv	0	1	1
2	2	BASF	Volkswagen AG	1	1	sv	sv	0	1	1
2	2	BASF	Wacker Chemie AG	1	1	sv	sv	0	1	1
2	2	BASF	Walter Reppe	1	1	sv	sv	0	1	1
2	2	BASF	Werner Abelshauser	1	1	sv	sv	0	1	1
2	2	BASF	Zyklon B	1	1	sv	sv	0	1	1
2	2	BASF	Mall:DAX	1	1	sv	sv	0	1	1
2	2	BASF	Malldiskussion:DAX	1	1	sv	sv	0	1	1
2	3	BASF	1865	1	1	sk	sk	0	1	1
2	2	BASF	6. apríl	1	1	sk	sk	0	1	1
2	2	BASF	August Clemm	1	1	sk	sk	0	1	1
2	2	BASF	Carl Clemm	1	1	sk	sk	0	1	1
2	2	BASF	Friedrich Engelhorn	1	1	sk	sk	0	1	1
2	2	BASF	Ludwigshafen	1	1	sk	sk	0	1	1
2	2	BASF	Mannheim	1	1	sk	sk	0	1	1
2	2	BASF	Nemecko	1	1	sk	sk	0	1	1
2	2	BASF	Pesticíd	1	1	sk	sk	0	1	1
2	2	BASF	Plast	1	1	sk	sk	0	1	1
2	2	BASF	Ropa	1	1	sk	sk	0	1	1
2	2	BASF	Zemný plyn	1	1	sk	sk	0	1	1
2	2	BASF	Wikipédia:Výhonok	1	1	sk	sk	0	1	1
2	3	BASF	1865	1	1	sr	sr	0	1	1
2	2	BASF	2010	1	1	sr	sr	0	1	1
2	2	BASF	Akcijski kapital	1	1	sr	sr	0	1	1
2	2	BASF	Aktiva	1	1	sr	sr	0	1	1
2	2	BASF	Frankfurtska berza	1	1	sr	sr	0	1	1
2	2	BASF	Izvršni direktor	1	1	sr	sr	0	1	1
2	2	BASF	Londonska berza	1	1	sr	sr	0	1	1
2	2	BASF	Neto prihod	1	1	sr	sr	0	1	1
2	2	BASF	OTC tržišna grupa	1	1	sr	sr	0	1	1
2	2	BASF	Prirodni gas	1	1	sr	sr	0	1	1
2	2	BASF	Tiker simbol berze	1	1	sr	sr	0	1	1
2	2	BASF	Zajednički poduhvat	1	1	sr	sr	0	1	1
2	2	BASF	Zarada pre kamate i poreza	1	1	sr	sr	0	1	1
2	2	BASF	Švajcarska berza	1	1	sr	sr	0	1	1
2	2	BASF	Њујоршка берза	1	1	sr	sr	0	1	1
2	2	BASF	Азија	1	1	sr	sr	0	1	1
2	2	BASF	Америка	1	1	sr	sr	0	1	1
2	2	BASF	Аустралија	1	1	sr	sr	0	1	1
2	2	BASF	Африка	1	1	sr	sr	0	1	1
2	2	BASF	Врсте предузећа по државама	1	1	sr	sr	0	1	1
2	2	BASF	Евро	1	1	sr	sr	0	1	1
2	2	BASF	Европа	1	1	sr	sr	0	1	1
2	2	BASF	Индија	1	1	sr	sr	0	1	1
2	2	BASF	Катализатор	1	1	sr	sr	0	1	1
2	2	BASF	Кина	1	1	sr	sr	0	1	1
2	2	BASF	Лудвигсхафен на Рајни	1	1	sr	sr	0	1	1
2	2	BASF	Нафта	1	1	sr	sr	0	1	1
2	2	BASF	Немачка	1	1	sr	sr	0	1	1
2	2	BASF	Немачки језик	1	1	sr	sr	0	1	1
2	2	BASF	Пластика	1	1	sr	sr	0	1	1
2	2	BASF	Хемијска индустрија	1	1	sr	sr	0	1	1
2	3	BASF	1865	1	1	sq	sq	0	1	1
2	2	BASF	2009	1	1	sq	sq	0	1	1
2	2	BASF	6 Prill	1	1	sq	sq	0	1	1
2	2	BASF	Bota	1	1	sq	sq	0	1	1
2	2	BASF	Bursa (ekonomi)	1	1	sq	sq	0	1	1
2	2	BASF	Cyrihu	1	1	sq	sq	0	1	1
2	2	BASF	DAX	1	1	sq	sq	0	1	1
2	2	BASF	Indeks	1	1	sq	sq	0	1	1
2	2	BASF	Londra	1	1	sq	sq	0	1	1
2	2	BASF	Ludwigshafen am Rhein	1	1	sq	sq	0	1	1
2	2	BASF	Ndërmarje	1	1	sq	sq	0	1	1
2	2	BASF	New York	1	1	sq	sq	0	1	1
2	2	BASF	Transakcionet	1	1	sq	sq	0	1	1
2	3	BASF	1865	1	1	ru	ru	0	1	1
2	2	BASF	1865 год	1	1	ru	ru	0	1	1
2	2	BASF	6 апреля	1	1	ru	ru	0	1	1
2	2	BASF	AXA	1	1	ru	ru	0	1	1
2	2	BASF	AXA SA	1	1	ru	ru	0	1	1
2	2	BASF	AdBlue	1	1	ru	ru	0	1	1
2	2	BASF	Adidas	1	1	ru	ru	0	1	1
2	2	BASF	Aegon	1	1	ru	ru	0	1	1
2	2	BASF	Air Liquide	1	1	ru	ru	0	1	1
2	2	BASF	Alcatel-Lucent	1	1	ru	ru	0	1	1
2	2	BASF	Allianz	1	1	ru	ru	0	1	1
2	2	BASF	Allianz AG	1	1	ru	ru	0	1	1
2	2	BASF	ArcelorMittal	1	1	ru	ru	0	1	1
2	2	BASF	Assicurazioni Generali	1	1	ru	ru	0	1	1
2	2	BASF	BASF Coatings GmbH	1	1	ru	ru	0	1	1
2	2	BASF	BASF IT Services Holding GmbH	1	1	ru	ru	0	1	1
2	2	BASF	BASF Performance Flooring	1	1	ru	ru	0	1	1
2	2	BASF	BASF Wall Systems GmbH & Co. KG	1	1	ru	ru	0	1	1
2	2	BASF	BBVA	1	1	ru	ru	0	1	1
2	2	BASF	BMW	1	1	ru	ru	0	1	1
2	2	BASF	BNP Paribas	1	1	ru	ru	0	1	1
2	2	BASF	Basotect	1	1	ru	ru	0	1	1
2	2	BASF	Bayer	1	1	ru	ru	0	1	1
2	2	BASF	Beiersdorf	1	1	ru	ru	0	1	1
2	2	BASF	Bertrandt	1	1	ru	ru	0	1	1
2	2	BASF	Buna	1	1	ru	ru	0	1	1
2	2	BASF	Carrefour	1	1	ru	ru	0	1	1
2	2	BASF	Cognis	1	1	ru	ru	0	1	1
2	2	BASF	Commerzbank	1	1	ru	ru	0	1	1
2	2	BASF	Crédit Agricole	1	1	ru	ru	0	1	1
2	2	BASF	DAX	1	1	ru	ru	0	1	1
2	2	BASF	Daimler	1	1	ru	ru	0	1	1
2	2	BASF	Danone	1	1	ru	ru	0	1	1
2	2	BASF	Deutsche Bank	1	1	ru	ru	0	1	1
2	2	BASF	Deutsche Börse	1	1	ru	ru	0	1	1
2	2	BASF	Deutsche Post AG	1	1	ru	ru	0	1	1
2	2	BASF	Deutsche Telekom	1	1	ru	ru	0	1	1
2	2	BASF	Dow Jones Euro Stoxx 50	1	1	ru	ru	0	1	1
2	2	BASF	E.ON	1	1	ru	ru	0	1	1
2	2	BASF	ENEL	1	1	ru	ru	0	1	1
2	2	BASF	Emaco	1	1	ru	ru	0	1	1
2	2	BASF	Eni	1	1	ru	ru	0	1	1
2	2	BASF	Fortis	1	1	ru	ru	0	1	1
2	2	BASF	France Télécom	1	1	ru	ru	0	1	1
2	2	BASF	Fresenius	1	1	ru	ru	0	1	1
2	2	BASF	Fresenius SE	1	1	ru	ru	0	1	1
2	2	BASF	GDF Suez	1	1	ru	ru	0	1	1
2	2	BASF	General Capital Group	1	1	ru	ru	0	1	1
2	2	BASF	Glenium	1	1	ru	ru	0	1	1
2	2	BASF	Glysantin	1	1	ru	ru	0	1	1
2	2	BASF	Grupo Santander	1	1	ru	ru	0	1	1
2	2	BASF	Hannover Re	1	1	ru	ru	0	1	1
2	2	BASF	Henkel	1	1	ru	ru	0	1	1
2	2	BASF	Hexamoll DINCH	1	1	ru	ru	0	1	1
2	2	BASF	IG Farben	1	1	ru	ru	0	1	1
2	2	BASF	ING Groep N.V.	1	1	ru	ru	0	1	1
2	2	BASF	Iberdrola	1	1	ru	ru	0	1	1
2	2	BASF	Indanthren-Farben	1	1	ru	ru	0	1	1
2	2	BASF	Intesa Sanpaolo	1	1	ru	ru	0	1	1
2	2	BASF	K+S	1	1	ru	ru	0	1	1
2	2	BASF	L'Oréal	1	1	ru	ru	0	1	1
2	2	BASF	LVMH	1	1	ru	ru	0	1	1
2	2	BASF	Lufthansa	1	1	ru	ru	0	1	1
2	2	BASF	MAN	1	1	ru	ru	0	1	1
2	2	BASF	Masterflow	1	1	ru	ru	0	1	1
2	2	BASF	Masterkure	1	1	ru	ru	0	1	1
2	2	BASF	Masterseal	1	1	ru	ru	0	1	1
2	2	BASF	Mastertop	1	1	ru	ru	0	1	1
2	2	BASF	Merck KGaA	1	1	ru	ru	0	1	1
2	2	BASF	Metro AG	1	1	ru	ru	0	1	1
2	2	BASF	Meyco	1	1	ru	ru	0	1	1
2	2	BASF	Micronal PCM	1	1	ru	ru	0	1	1
2	2	BASF	Munich Re	1	1	ru	ru	0	1	1
2	2	BASF	Mvrace	1	1	ru	ru	0	1	1
2	2	BASF	Neopor	1	1	ru	ru	0	1	1
2	2	BASF	Nokia	1	1	ru	ru	0	1	1
2	2	BASF	Oppanol B	1	1	ru	ru	0	1	1
2	2	BASF	PCI (Poly-Chemie-Ingenieurgesellschaft)	1	1	ru	ru	0	1	1
2	2	BASF	Philips	1	1	ru	ru	0	1	1
2	2	BASF	RELIUS-Gruppe	1	1	ru	ru	0	1	1
2	2	BASF	RWE	1	1	ru	ru	0	1	1
2	2	BASF	Renault	1	1	ru	ru	0	1	1
2	2	BASF	Repsol YPF	1	1	ru	ru	0	1	1
2	2	BASF	SAP	1	1	ru	ru	0	1	1
2	2	BASF	Saint-Gobain	1	1	ru	ru	0	1	1
2	2	BASF	Salzgitter AG	1	1	ru	ru	0	1	1
2	2	BASF	Sanofi-Aventis	1	1	ru	ru	0	1	1
2	2	BASF	Schneider Electric	1	1	ru	ru	0	1	1
2	2	BASF	Siemens	1	1	ru	ru	0	1	1
2	2	BASF	Société Générale	1	1	ru	ru	0	1	1
2	2	BASF	Styrodur	1	1	ru	ru	0	1	1
2	2	BASF	Styrolux	1	1	ru	ru	0	1	1
2	2	BASF	Styropor	1	1	ru	ru	0	1	1
2	2	BASF	Superabsorber	1	1	ru	ru	0	1	1
2	2	BASF	Telecom Italia	1	1	ru	ru	0	1	1
2	2	BASF	Telefónica	1	1	ru	ru	0	1	1
2	2	BASF	The Linde Group	1	1	ru	ru	0	1	1
2	2	BASF	ThyssenKrupp	1	1	ru	ru	0	1	1
2	2	BASF	Total	1	1	ru	ru	0	1	1
2	2	BASF	Ucrete	1	1	ru	ru	0	1	1
2	2	BASF	UniCredit	1	1	ru	ru	0	1	1
2	2	BASF	Unilever	1	1	ru	ru	0	1	1
2	2	BASF	Uvinul	1	1	ru	ru	0	1	1
2	2	BASF	Vinci	1	1	ru	ru	0	1	1
2	2	BASF	Vivendi	1	1	ru	ru	0	1	1
2	2	BASF	Volkswagen Group	1	1	ru	ru	0	1	1
2	2	BASF	Wintershall	1	1	ru	ru	0	1	1
2	2	BASF	Азия	1	1	ru	ru	0	1	1
2	2	BASF	Америка	1	1	ru	ru	0	1	1
2	2	BASF	Анилин	1	1	ru	ru	0	1	1
2	2	BASF	Ачимское газоконденсатное месторождение	1	1	ru	ru	0	1	1
2	2	BASF	Викисклад	1	1	ru	ru	0	1	1
2	2	BASF	Выручка	1	1	ru	ru	0	1	1
2	2	BASF	Газпром	1	1	ru	ru	0	1	1
2	2	BASF	Географические координаты	1	1	ru	ru	0	1	1
2	2	BASF	Германия	1	1	ru	ru	0	1	1
2	2	BASF	Графит	1	1	ru	ru	0	1	1
2	2	BASF	Евро	1	1	ru	ru	0	1	1
2	2	BASF	Европа	1	1	ru	ru	0	1	1
2	2	BASF	Европейская компания	1	1	ru	ru	0	1	1
2	2	BASF	Жевательная резинка	1	1	ru	ru	0	1	1
2	2	BASF	Земли Германии	1	1	ru	ru	0	1	1
2	2	BASF	Институциональный инвестор	1	1	ru	ru	0	1	1
2	2	BASF	Каучук	1	1	ru	ru	0	1	1
2	2	BASF	Листинг (экономика)	1	1	ru	ru	0	1	1
2	2	BASF	Людвигсхафен	1	1	ru	ru	0	1	1
2	2	BASF	Людвигсхафен-на-Рейне	1	1	ru	ru	0	1	1
2	2	BASF	Немецкий язык	1	1	ru	ru	0	1	1
2	2	BASF	Нижнекамскнефтехим	1	1	ru	ru	0	1	1
2	2	BASF	Нью-Йоркская фондовая биржа	1	1	ru	ru	0	1	1
2	2	BASF	Пластик	1	1	ru	ru	0	1	1
2	2	BASF	Полимер	1	1	ru	ru	0	1	1
2	2	BASF	Продукт (бизнес)	1	1	ru	ru	0	1	1
2	2	BASF	Рейнланд-Пфальц	1	1	ru	ru	0	1	1
2	2	BASF	Россия	1	1	ru	ru	0	1	1
2	2	BASF	Сайт	1	1	ru	ru	0	1	1
2	2	BASF	Севернефтегазпром	1	1	ru	ru	0	1	1
2	2	BASF	Северный поток	1	1	ru	ru	0	1	1
2	2	BASF	Сода	1	1	ru	ru	0	1	1
2	2	BASF	Ультрафиолетовое излучение	1	1	ru	ru	0	1	1
2	2	BASF	Франкфуртская фондовая биржа	1	1	ru	ru	0	1	1
2	2	BASF	Химическая промышленность	1	1	ru	ru	0	1	1
2	2	BASF	Химия	1	1	ru	ru	0	1	1
2	2	BASF	Чистая прибыль	1	1	ru	ru	0	1	1
2	2	BASF	Эластокам	1	1	ru	ru	0	1	1
2	2	BASF	Южно-Русское нефтегазовое месторождение	1	1	ru	ru	0	1	1
2	2	BASF	Юридическое лицо	1	1	ru	ru	0	1	1
2	2	BASF	Ямало-Ненецкий автономный округ	1	1	ru	ru	0	1	1
2	2	BASF	Википедия:Авторитетные источники	1	1	ru	ru	0	1	1
2	2	BASF	Википедия:Проверяемость	1	1	ru	ru	0	1	1
2	2	BASF	Википедия:Ссылки на источники	1	1	ru	ru	0	1	1
2	3	BASF	2007	1	1	ro	ro	0	1	1
2	2	BASF	AFI	1	1	ro	ro	0	1	1
2	2	BASF	Chimie	1	1	ro	ro	0	1	1
2	2	BASF	Companie	1	1	ro	ro	0	1	1
2	2	BASF	Corporație	1	1	ro	ro	0	1	1
2	2	BASF	Euro	1	1	ro	ro	0	1	1
2	2	BASF	Germania	1	1	ro	ro	0	1	1
2	2	BASF	Germană	1	1	ro	ro	0	1	1
2	2	BASF	Ludwigshafen	1	1	ro	ro	0	1	1
2	2	BASF	Ploiești	1	1	ro	ro	0	1	1
2	2	BASF	Renania-Palatinat	1	1	ro	ro	0	1	1
2	2	BASF	România	1	1	ro	ro	0	1	1
2	2	BASF	Sit web	1	1	ro	ro	0	1	1
2	2	BASF	WIEE România	1	1	ro	ro	0	1	1
2	2	BASF	Wikipedia:Articolul ciot perfect	1	1	ro	ro	0	1	1
2	2	BASF	Wikipedia:Găsește și repară un ciot	1	1	ro	ro	0	1	1
2	3	BASF	1865	1	1	qu	qu	0	1	1
2	2	BASF	Alimanya	1	1	qu	qu	0	1	1
2	2	BASF	Bayer	1	1	qu	qu	0	1	1
2	2	BASF	Chaqllisinchi	1	1	qu	qu	0	1	1
2	2	BASF	Degussa	1	1	qu	qu	0	1	1
2	2	BASF	Ludwigshafen	1	1	qu	qu	0	1	1
2	2	BASF	Ruruchina	1	1	qu	qu	0	1	1
2	3	BASF	1865	1	1	pt	pt	0	1	1
2	2	BASF	Adidas	1	1	pt	pt	0	1	1
2	2	BASF	Alemanha	1	1	pt	pt	0	1	1
2	2	BASF	Allianz	1	1	pt	pt	0	1	1
2	2	BASF	BMW	1	1	pt	pt	0	1	1
2	2	BASF	Bayer	1	1	pt	pt	0	1	1
2	2	BASF	Beiersdorf	1	1	pt	pt	0	1	1
2	2	BASF	Commerzbank	1	1	pt	pt	0	1	1
2	2	BASF	Coordenadas geográficas	1	1	pt	pt	0	1	1
2	2	BASF	DAX-30	1	1	pt	pt	0	1	1
2	2	BASF	Daimler AG	1	1	pt	pt	0	1	1
2	2	BASF	Deutsche Bank	1	1	pt	pt	0	1	1
2	2	BASF	Deutsche Börse	1	1	pt	pt	0	1	1
2	2	BASF	Deutsche Post	1	1	pt	pt	0	1	1
2	2	BASF	Deutsche Telekom	1	1	pt	pt	0	1	1
2	2	BASF	E.ON	1	1	pt	pt	0	1	1
2	2	BASF	Empresa	1	1	pt	pt	0	1	1
2	2	BASF	Fresenius	1	1	pt	pt	0	1	1
2	2	BASF	Fresenius Medical Care	1	1	pt	pt	0	1	1
2	2	BASF	Grupo Volkswagen	1	1	pt	pt	0	1	1
2	2	BASF	HeidelbergCement	1	1	pt	pt	0	1	1
2	2	BASF	Henkel	1	1	pt	pt	0	1	1
2	2	BASF	Infineon Technologies	1	1	pt	pt	0	1	1
2	2	BASF	K+S	1	1	pt	pt	0	1	1
2	2	BASF	Linde AG	1	1	pt	pt	0	1	1
2	2	BASF	Ludwigshafen am Rhein	1	1	pt	pt	0	1	1
2	2	BASF	Lufthansa	1	1	pt	pt	0	1	1
2	2	BASF	MAN SE	1	1	pt	pt	0	1	1
2	2	BASF	METRO AG	1	1	pt	pt	0	1	1
2	2	BASF	Merck KGaA	1	1	pt	pt	0	1	1
2	2	BASF	Munich Re	1	1	pt	pt	0	1	1
2	2	BASF	RWE	1	1	pt	pt	0	1	1
2	2	BASF	SAP AG	1	1	pt	pt	0	1	1
2	2	BASF	Siemens AG	1	1	pt	pt	0	1	1
2	2	BASF	Suvinil	1	1	pt	pt	0	1	1
2	2	BASF	ThyssenKrupp	1	1	pt	pt	0	1	1
2	2	BASF	Wikipédia:Esboço	1	1	pt	pt	0	1	1
2	2	BASF	Predefinição:DAX	1	1	pt	pt	0	1	1
2	3	巴斯夫	(Kurt Bock)	1	1	zh	zh	0	1	1
2	2	巴斯夫	1865年	1	1	zh	zh	0	1	1
2	2	巴斯夫	1908年	1	1	zh	zh	0	1	1
2	2	巴斯夫	1912年	1	1	zh	zh	0	1	1
2	2	巴斯夫	1913年	1	1	zh	zh	0	1	1
2	2	巴斯夫	1916年	1	1	zh	zh	0	1	1
2	2	巴斯夫	1925年	1	1	zh	zh	0	1	1
2	2	巴斯夫	1935年	1	1	zh	zh	0	1	1
2	2	巴斯夫	1952年	1	1	zh	zh	0	1	1
2	2	巴斯夫	2005年	1	1	zh	zh	0	1	1
2	2	巴斯夫	2006年	1	1	zh	zh	0	1	1
2	2	巴斯夫	4月6日	1	1	zh	zh	0	1	1
2	2	巴斯夫	5月30日	1	1	zh	zh	0	1	1
2	2	巴斯夫	AEG (企业)	1	1	zh	zh	0	1	1
2	2	巴斯夫	BMW	1	1	zh	zh	0	1	1
2	2	巴斯夫	DAX指数	1	1	zh	zh	0	1	1
2	2	巴斯夫	E.ON	1	1	zh	zh	0	1	1
2	2	巴斯夫	Friedrich Engelhorn	1	1	zh	zh	0	1	1
2	2	巴斯夫	Gazprom	1	1	zh	zh	0	1	1
2	2	巴斯夫	IG颜料	1	1	zh	zh	0	1	1
2	2	巴斯夫	K+S	1	1	zh	zh	0	1	1
2	2	巴斯夫	Lanxess	1	1	zh	zh	0	1	1
2	2	巴斯夫	Polystyrol	1	1	zh	zh	0	1	1
2	2	巴斯夫	RWE	1	1	zh	zh	0	1	1
2	2	巴斯夫	SAP公司	1	1	zh	zh	0	1	1
2	2	巴斯夫	Styropor	1	1	zh	zh	0	1	1
2	2	巴斯夫	Wintershall AG	1	1	zh	zh	0	1	1
2	2	巴斯夫	上海	1	1	zh	zh	0	1	1
2	2	巴斯夫	中華人民共和國	1	1	zh	zh	0	1	1
2	2	巴斯夫	二战	1	1	zh	zh	0	1	1
2	2	巴斯夫	亚洲	1	1	zh	zh	0	1	1
2	2	巴斯夫	人造树脂	1	1	zh	zh	0	1	1
2	2	巴斯夫	伦敦	1	1	zh	zh	0	1	1
2	2	巴斯夫	催化剂	1	1	zh	zh	0	1	1
2	2	巴斯夫	关丹	1	1	zh	zh	0	1	1
2	2	巴斯夫	化学品	1	1	zh	zh	0	1	1
2	2	巴斯夫	化工	1	1	zh	zh	0	1	1
2	2	巴斯夫	北欧天然气管道	1	1	zh	zh	0	1	1
2	2	巴斯夫	北美	1	1	zh	zh	0	1	1
2	2	巴斯夫	南京	1	1	zh	zh	0	1	1
2	2	巴斯夫	南美	1	1	zh	zh	0	1	1
2	2	巴斯夫	博凱慈博士	1	1	zh	zh	0	1	1
2	2	巴斯夫	卡塞尔	1	1	zh	zh	0	1	1
2	2	巴斯夫	印度	1	1	zh	zh	0	1	1
2	2	巴斯夫	印度尼西亚	1	1	zh	zh	0	1	1
2	2	巴斯夫	合成(化学)	1	1	zh	zh	0	1	1
2	2	巴斯夫	哈伯-博士法	1	1	zh	zh	0	1	1
2	2	巴斯夫	塑料	1	1	zh	zh	0	1	1
2	2	巴斯夫	大众集团	1	1	zh	zh	0	1	1
2	2	巴斯夫	大陆集团	1	1	zh	zh	0	1	1
2	2	巴斯夫	安联	1	1	zh	zh	0	1	1
2	2	巴斯夫	巴登	1	1	zh	zh	0	1	1
2	2	巴斯夫	巴登-符腾堡	1	1	zh	zh	0	1	1
2	2	巴斯夫	康采恩	1	1	zh	zh	0	1	1
2	2	巴斯夫	强制性劳动	1	1	zh	zh	0	1	1
2	2	巴斯夫	德国	1	1	zh	zh	0	1	1
2	2	巴斯夫	德国商业银行	1	1	zh	zh	0	1	1
2	2	巴斯夫	德国电信	1	1	zh	zh	0	1	1
2	2	巴斯夫	德国邮政	1	1	zh	zh	0	1	1
2	2	巴斯夫	德國證券交易所	1	1	zh	zh	0	1	1
2	2	巴斯夫	德意志银行	1	1	zh	zh	0	1	1
2	2	巴斯夫	愛迪達	1	1	zh	zh	0	1	1
2	2	巴斯夫	慕尼黑再保险	1	1	zh	zh	0	1	1
2	2	巴斯夫	戴姆勒	1	1	zh	zh	0	1	1
2	2	巴斯夫	拜尔斯道夫	1	1	zh	zh	0	1	1
2	2	巴斯夫	拜耳	1	1	zh	zh	0	1	1
2	2	巴斯夫	新加坡	1	1	zh	zh	0	1	1
2	2	巴斯夫	日本	1	1	zh	zh	0	1	1
2	2	巴斯夫	曼海姆	1	1	zh	zh	0	1	1
2	2	巴斯夫	林德	1	1	zh	zh	0	1	1
2	2	巴斯夫	橡胶	1	1	zh	zh	0	1	1
2	2	巴斯夫	欧洲	1	1	zh	zh	0	1	1
2	2	巴斯夫	氨	1	1	zh	zh	0	1	1
2	2	巴斯夫	汉莎航空	1	1	zh	zh	0	1	1
2	2	巴斯夫	汉高公司	1	1	zh	zh	0	1	1
2	2	巴斯夫	法兰克福	1	1	zh	zh	0	1	1
2	2	巴斯夫	法本公司	1	1	zh	zh	0	1	1
2	2	巴斯夫	注册商标	1	1	zh	zh	0	1	1
2	2	巴斯夫	海德堡水泥	1	1	zh	zh	0	1	1
2	2	巴斯夫	漕泾	1	1	zh	zh	0	1	1
2	2	巴斯夫	營業額	1	1	zh	zh	0	1	1
2	2	巴斯夫	生物技术	1	1	zh	zh	0	1	1
2	2	巴斯夫	產業	1	1	zh	zh	0	1	1
2	2	巴斯夫	磁石电话	1	1	zh	zh	0	1	1
2	2	巴斯夫	紫外线	1	1	zh	zh	0	1	1
2	2	巴斯夫	纯碱	1	1	zh	zh	0	1	1
2	2	巴斯夫	纳粹	1	1	zh	zh	0	1	1
2	2	巴斯夫	纽约	1	1	zh	zh	0	1	1
2	2	巴斯夫	经济奇迹	1	1	zh	zh	0	1	1
2	2	巴斯夫	绿色和平	1	1	zh	zh	0	1	1
2	2	巴斯夫	群山市	1	1	zh	zh	0	1	1
2	2	巴斯夫	股份公司	1	1	zh	zh	0	1	1
2	2	巴斯夫	苏打	1	1	zh	zh	0	1	1
2	2	巴斯夫	苏黎世	1	1	zh	zh	0	1	1
2	2	巴斯夫	苯胺	1	1	zh	zh	0	1	1
2	2	巴斯夫	英飞凌	1	1	zh	zh	0	1	1
2	2	巴斯夫	莱茵-普法尔茨	1	1	zh	zh	0	1	1
2	2	巴斯夫	莱茵河	1	1	zh	zh	0	1	1
2	2	巴斯夫	蒂森克虏伯	1	1	zh	zh	0	1	1
2	2	巴斯夫	西门子公司	1	1	zh	zh	0	1	1
2	2	巴斯夫	费森尤斯	1	1	zh	zh	0	1	1
2	2	巴斯夫	费森尤斯医疗	1	1	zh	zh	0	1	1
2	2	巴斯夫	路德维希港	1	1	zh	zh	0	1	1
2	2	巴斯夫	靛蓝	1	1	zh	zh	0	1	1
2	2	巴斯夫	韩国	1	1	zh	zh	0	1	1
2	2	巴斯夫	马来西亚	1	1	zh	zh	0	1	1
2	2	巴斯夫	麗水市 (韓國)	1	1	zh	zh	0	1	1
2	2	巴斯夫	黏合剂	1	1	zh	zh	0	1	1
2	2	巴斯夫	默克集團	1	1	zh	zh	0	1	1
2	2	巴斯夫	Template:DAX指数成份公司	1	1	zh	zh	0	1	1
2	2	巴斯夫	Template talk:DAX指数成份公司	1	1	zh	zh	0	1	1
2	2	巴斯夫	Category:公司	1	1	zh	zh	0	1	1
